GEOID,num_stops,avg_num_routes_per_stop,avg_route_frequency,avg_accessible_stops
530330001011,39,2.58974358974359,15.075933263890837,75.60319480287414
530330001012,34,2.4705882352941178,15.918218477654378,73.21183448722667
530330001013,48,2.3958333333333335,13.023735115165955,73.24159098210544
530330001021,49,2.4081632653061225,10.132711824716514,80.52365579347448
530330001022,54,2.3703703703703702,9.497500250582847,77.95437962742643
530330001023,45,2.3777777777777778,7.182694238411937,78.79662086561443
530330002011,78,1.7564102564102564,11.767532400942006,69.82938741403053
530330002012,60,1.95,13.738004646448259,69.38641443781044
530330002013,45,2.2222222222222223,11.674482952570278,71.35394285297853
530330002021,59,2.406779661016949,11.533405827783149,72.05176130923785
530330002022,79,2.518987341772152,10.900126873091347,76.19697927052981
530330002023,73,2.232876712328767,12.771963223756892,71.66057854668922
530330003001,80,1.1875,7.652393418447138,69.55185151177852
530330003002,76,1.1842105263157894,3.7134822232073352,70.09383891989405
530330004021,62,1.1774193548387097,2.901126910684447,84.38559205329652
530330004022,75,1.1466666666666667,4.838840247191503,85.27142870072379
530330004023,56,1.0178571428571428,3.3972045498066628,89.25241734248284
530330004024,48,1.1041666666666667,3.142845153659037,88.32634862972445
530330004031,51,1.392156862745098,3.710049779875728,85.4087809845414
530330004032,60,1.2666666666666666,3.524846399927308,81.18604971739522
530330004041,59,1.3559322033898304,3.299130789162577,76.32226450190984
530330004042,60,1.3333333333333333,3.5192761197966664,78.08079717019352
530330004043,51,1.3333333333333333,6.210249836062853,76.0925282607863
530330005001,51,1.2941176470588236,3.0282343058930405,88.36454028377027
530330005002,65,1.123076923076923,2.9571157243296344,93.19227073182799
530330006011,46,2.130434782608696,9.362763903511105,65.91952461058034
530330006012,73,1.8904109589041096,7.950341261307701,68.95379155200912
530330006013,54,2.1296296296296298,9.510650429188049,66.81431990334778
530330006021,70,1.2285714285714286,5.116340855669713,68.83343133996972
530330006022,60,1.2666666666666666,5.313694591050885,69.19502633773658
530330006023,57,1.736842105263158,7.169147392463246,77.63173667570312
530330007001,50,2.02,10.01307088601057,71.35157138996705
530330007002,76,2.223684210526316,8.731530217233612,78.25797581670794
530330007003,45,2.422222222222222,7.049239684104321,76.3675145898753
530330007004,51,2.2941176470588234,7.283538713041162,79.7167048950556
530330008001,49,2.2653061224489797,7.444176117571128,81.75199875413568
530330008002,52,1.9230769230769231,7.183614822475523,86.40934024727389
530330009001,38,1.894736842105263,7.477909093383182,85.59731354299018
530330009002,24,1.0,7.749385596078304,91.0
530330010001,53,1.9622641509433962,7.059474615537548,81.51304239858919
530330010002,45,1.8444444444444446,7.621125858599864,83.70435629297222
530330011001,73,1.9863013698630136,9.143410501418911,73.29807822080828
530330011002,56,1.6785714285714286,10.510117435625963,72.61100788063617
530330012011,65,2.2153846153846155,9.524427200130066,68.88797527909573
530330012012,53,2.2641509433962264,8.576270254721027,71.00270831948741
530330012013,66,2.1666666666666665,8.093361649271445,72.74431297359429
530330012021,75,1.9866666666666666,9.43962450895469,66.52781026063792
530330012022,67,2.044776119402985,9.627998265500821,67.94950407359396
530330012023,57,2.1578947368421053,9.31167030615323,66.44160241960138
530330013001,56,1.875,7.100580842926859,82.95169295374343
530330013002,46,1.3695652173913044,6.736031056359629,92.36112457629834
530330013003,66,1.3484848484848484,6.322504660249548,90.19528315183265
530330014001,56,1.0178571428571428,4.320795736434223,95.18871753246754
530330014002,61,1.0163934426229508,4.554813969485981,95.4027570789866
530330014003,56,1.0535714285714286,5.621317812986213,96.6830531442851
530330014004,50,1.14,4.13398364493919,89.92707790166357
530330015001,23,1.2173913043478262,5.287918962530998,93.1854564631431
530330015002,20,1.1,5.270857475634927,93.08878032345014
530330016001,36,1.25,4.788733673372075,90.42026393200501
530330016002,38,1.2105263157894737,5.182792961694855,88.85687683510524
530330016003,49,1.163265306122449,5.843513401960335,89.50125142314283
530330017011,73,1.0136986301369864,6.210954319961372,90.52833125778332
530330017012,63,1.0158730158730158,5.556850076401557,91.89790764790764
530330017013,59,1.0169491525423728,5.22625279466489,93.63674884437597
530330017021,55,1.018181818181818,5.903740060932724,96.24669421487603
530330017022,64,1.125,6.275933335292823,90.1783627474671
530330017023,57,1.1228070175438596,5.826679663292613,90.9360332470733
530330017024,63,1.0158730158730158,6.290037460409212,95.69155844155844
530330018001,62,1.6774193548387097,6.168154167452931,82.46219791653259
530330018002,56,1.1964285714285714,6.061370124866427,86.00153475135106
530330018003,63,1.1587301587301588,5.963053668353013,89.65277363208482
530330019001,68,2.014705882352941,9.503570871995707,69.60556960308993
530330019002,64,1.796875,7.062393134858162,76.44935862915065
530330019003,50,2.38,7.647869607672557,72.37828055277767
530330019004,86,1.9883720930232558,8.639178817897893,74.80646358284969
530330020001,51,1.4509803921568627,10.305444624344076,68.8242509918834
530330020002,66,1.9242424242424243,9.849774393249604,70.6057006270654
530330020003,50,1.58,10.705472307972904,64.48917454290886
530330021001,39,1.7179487179487178,7.047706423051466,84.3899954045589
530330021002,49,1.7142857142857142,9.300887661935501,79.94660231096458
530330021003,48,1.6875,9.809722634445395,76.28927182174633
530330022001,37,1.5135135135135136,7.054023804575797,87.66821994408201
530330022002,37,1.5675675675675675,6.982033960866339,87.31724137931033
530330022003,35,1.542857142857143,7.0281413287430565,88.29359171008723
530330022004,35,1.2285714285714286,6.953836865233849,101.46066090395884
530330024001,46,1.4130434782608696,6.5867123422489415,93.53748125937031
530330024002,51,1.4313725490196079,6.131858033004592,99.78107497419703
530330025001,68,1.661764705882353,8.986914564638441,86.44584456359156
530330025002,64,1.453125,7.7477644671153145,81.08871506082254
530330026001,48,1.4791666666666667,10.22574153956962,69.85312546605243
530330026002,77,1.4935064935064934,9.430553041231954,82.07503780766385
530330026003,92,1.423913043478261,8.22470968575644,80.21511082699881
530330026004,58,1.5517241379310345,10.156013968157533,75.26894709542124
530330027001,70,1.5571428571428572,9.410627423467163,77.34583294151896
530330027002,73,1.4246575342465753,7.086448140719509,82.80037759469053
530330027003,61,1.4098360655737705,5.93931489234862,85.65207725545399
530330027004,45,1.3111111111111111,5.657945670935994,79.98520873956952
530330028001,53,1.0754716981132075,5.958231557523119,87.49228320733775
530330028002,54,1.0740740740740742,5.994291613807717,87.40909277757224
530330028003,44,1.0681818181818181,6.043116289830269,88.56253153062254
530330028004,53,1.0754716981132075,6.133253934317835,87.45454735828115
530330029001,56,1.0,7.229673532888909,94.42857142857143
530330029002,53,1.0,7.496860319874289,93.43396226415095
530330029003,45,1.0,7.776367219525939,93.73333333333333
530330030001,49,1.0816326530612246,6.547021999726105,82.12265524073456
530330030002,55,1.1454545454545455,6.154746333235318,88.70111490425452
530330030003,44,1.1818181818181819,6.456900597062327,81.10366635759088
530330030004,42,1.1904761904761905,4.935688817432584,85.58479332699997
530330031001,41,1.1951219512195121,4.997541007427705,85.91612974960974
530330031002,27,1.1481481481481481,5.246917574184918,95.90930418288909
530330031003,45,1.1333333333333333,5.0148611516822434,86.39730056604921
530330031004,28,1.0714285714285714,5.230157994662483,97.34912880246439
530330031005,23,1.0869565217391304,5.245618477582463,95.03372202039144
530330032011,52,1.1346153846153846,5.733827453947014,91.53835837621668
530330032012,25,1.12,5.061987988022252,86.35439639639641
530330032013,28,1.0714285714285714,3.98243833612505,87.72674643243522
530330032021,27,1.0740740740740742,4.911866647560374,92.4944037077106
530330032022,24,1.0833333333333333,4.67539363565202,89.47287083784109
530330032023,19,1.0526315789473684,4.298225952263587,90.15834076717216
530330033011,39,1.0512820512820513,4.823069728376057,82.16279231046632
530330033012,40,1.05,4.800242783163309,78.90872250270465
530330033013,40,1.05,4.738163737306051,83.23372250270465
530330033021,39,1.0,6.400328697203903,70.35897435897436
530330033022,47,1.0,5.991332271030381,75.27659574468085
530330033023,38,1.0,6.250917413223084,74.36842105263158
530330034001,48,1.0,7.297083349461441,87.75
530330034002,44,1.0,7.534691473786338,90.63636363636364
530330034003,60,1.0333333333333334,6.810565956458441,85.61987882301453
530330035001,43,1.0,6.954456756437797,90.95348837209302
530330035002,51,1.0,6.529410219963783,84.3529411764706
530330035003,69,1.0724637681159421,6.485224737137991,87.31260753435645
530330036011,92,1.4565217391304348,8.816814485497517,82.24178435089833
530330036012,71,1.1690140845070423,6.958482120639445,89.5500161634139
530330036013,69,1.1884057971014492,6.7661393803347,86.95012165187245
530330036021,77,1.4545454545454546,8.901782348761714,79.26371467399439
530330036022,62,1.2419354838709677,6.837913115960894,83.8315363843236
530330036023,77,1.3636363636363635,8.50557802465198,80.77736668303237
530330038001,62,1.3387096774193548,5.200754497720154,91.8886289348957
530330038002,64,1.296875,4.752630720535444,88.32661610119601
530330039001,59,1.305084745762712,5.280884834934453,93.33872894679142
530330039002,46,1.391304347826087,6.2093532093949575,95.41619529908522
530330040001,30,1.4333333333333333,7.450684916754749,96.11735279559528
530330040002,38,1.3421052631578947,6.802919721490208,96.67159431231207
530330041011,22,1.4545454545454546,7.044097736237996,83.42440244641764
530330041012,19,1.6842105263157894,7.37737041866917,79.42257729880525
530330041013,42,1.5238095238095237,5.594844381534971,77.84377828060624
530330041021,24,1.5416666666666667,7.748025475638612,93.39669099449411
530330041022,47,1.4680851063829787,6.156069416523992,89.31826936343398
530330041023,35,1.3714285714285714,6.985291262056149,94.41487382479596
530330042011,47,1.3191489361702127,6.692065378983855,96.46852497300566
530330042012,60,1.4,5.774409133913332,90.1677651076368
530330042013,65,1.4,5.690523628844897,91.2990722455441
530330042021,77,1.3636363636363635,5.266188584856472,86.66898138914361
530330042022,65,1.4,5.408737998952629,90.02953421022202
530330042023,79,1.4177215189873418,5.35395801938707,88.71950029156923
530330043011,71,1.5070422535211268,5.013643218981668,83.35459209286205
530330043012,70,1.4,4.647774132888897,85.72531077449767
530330043013,81,1.5802469135802468,7.656704800102065,76.85348242154708
530330043021,73,1.9315068493150684,7.080597485676323,77.07510401177345
530330043022,74,2.3378378378378377,7.3558080350388915,69.42646098351602
530330043023,82,2.048780487804878,7.5413179398594155,74.40960300640843
530330044011,99,1.8383838383838385,8.315396060130158,74.12078848516578
530330044012,109,1.5137614678899083,7.88714939703669,77.73062718658598
530330044013,92,2.0434782608695654,7.334136007694843,70.40997738972914
530330044021,107,1.8598130841121496,8.82191691642564,71.6533717263538
530330044022,97,1.7525773195876289,8.205568322929123,73.53864594163107
530330044023,75,1.96,8.463295776571586,69.33249948444605
530330045001,117,1.735042735042735,9.378934535533073,75.4001081392134
530330045002,113,1.5221238938053097,8.541014217086907,81.14636609195666
530330046001,135,1.2074074074074075,6.513166474764413,89.62764750194353
530330046002,68,1.2058823529411764,6.983778687654957,90.96107775641201
530330046003,65,1.2923076923076924,6.925302096185371,88.96962436804408
530330047011,34,1.0588235294117647,4.7087079766142725,78.86320294435842
530330047012,63,1.1904761904761905,7.544906742030056,80.84980316785597
530330047013,34,1.0588235294117647,6.234778109460885,80.5690852972996
530330047021,44,1.0454545454545454,5.566187728333069,82.39429318427696
530330047022,41,1.048780487804878,5.689016934590961,80.106070734346
530330047023,32,1.0625,4.711950042071917,80.29215312838082
530330047031,52,1.0384615384615385,5.980301541921681,77.19601402655522
530330047032,58,1.1724137931034482,8.103969883287082,79.57226925670768
530330047033,76,1.2894736842105263,8.510996272326532,78.60993398830169
530330048001,68,1.0294117647058822,6.718792909663261,88.45871660854223
530330048002,75,1.4133333333333333,8.071629782462388,85.19256668295799
530330048003,91,1.5054945054945055,8.680903085052526,85.41118171786006
530330048004,64,1.234375,7.66202457186317,83.99029221120068
530330049011,60,1.1333333333333333,6.385296058916241,89.01405682286462
530330049012,68,1.3970588235294117,7.165547690099435,90.23677361799582
530330049013,62,1.3548387096774193,6.725578782415337,92.08302116340329
530330049021,85,1.5058823529411764,7.712081933531765,90.69902269868557
530330049022,84,1.6071428571428572,8.298463251006668,90.89338964530218
530330050001,78,1.3846153846153846,7.637315988428117,91.22141828863266
530330050002,76,1.5921052631578947,7.947413066866591,89.95321891727733
530330050003,71,1.4929577464788732,7.29824724859507,92.34595850260203
530330051001,73,1.356164383561644,8.609074971267393,87.23378221948818
530330051002,78,1.4487179487179487,8.980050776787772,82.68382645471627
530330051003,71,1.4929577464788732,9.169434788538325,80.06110511926575
530330052011,95,1.6842105263157894,8.528436407686204,72.58411932770203
530330052012,98,1.653061224489796,8.757990238828617,75.91157925136717
530330052013,96,2.0104166666666665,9.698863624396163,70.62088129739824
530330052021,88,2.1136363636363638,9.241331317902771,69.31896254978516
530330052022,81,2.271604938271605,8.872294243503822,68.00535300437969
530330052023,89,2.157303370786517,9.032389310546526,68.44635692240777
530330053031,104,2.4326923076923075,8.413336733573427,67.12972453278189
530330053032,135,2.2888888888888888,7.627748456426161,69.07508826554799
530330053041,82,2.4634146341463414,8.744929703491412,67.63077007811412
530330053042,86,2.5697674418604652,8.781051979894428,67.57129363415464
530330053051,91,2.5054945054945055,8.875085606491156,67.3165412315614
530330053052,89,2.2808988764044944,9.528648075403888,68.52517227572405
530330053061,90,2.3666666666666667,8.645315637921204,67.0952013179353
530330053062,91,2.010989010989011,9.017674444327778,68.95136170861834
530330053071,86,2.4651162790697674,8.163056632947047,68.35185144028056
530330053072,84,2.511904761904762,7.652761017098221,67.97349903180881
530330053073,86,2.4651162790697674,7.514282814261679,68.44403508033392
530330054011,67,1.6119402985074627,8.341251459448461,92.02661330546512
530330054012,105,1.4666666666666666,8.508750016713337,85.68365240371735
530330054013,83,1.6987951807228916,8.879251401701481,96.1934530342668
530330054021,62,1.7258064516129032,7.944120458876385,91.73297802763028
530330054022,66,1.621212121212121,7.8280213738942495,90.928937695933
530330054023,70,1.5571428571428572,7.999858239594349,90.45925267385269
530330056001,65,1.0615384615384615,4.362374034094774,110.73363072102204
530330056002,44,1.0,2.2284788426628506,112.0
530330056003,63,1.2698412698412698,7.1403812622626575,106.93515892084427
530330056004,70,1.0571428571428572,5.860613133432623,113.28488543003958
530330056005,65,1.3692307692307693,9.690523622325824,103.72598700485187
530330057001,59,1.0508474576271187,4.519860990146377,103.13321881203238
530330057002,116,1.2413793103448276,7.772473202964038,103.74237847765926
530330057003,96,1.2916666666666667,8.93395712717102,105.64430613237109
530330057004,85,1.1764705882352942,7.099804357431374,104.18323368448165
530330057005,74,1.1081081081081081,5.899928158873425,100.64680803299693
530330058011,61,1.4262295081967213,11.810562663474897,90.74018078408719
530330058012,75,1.28,10.319617089341588,101.93735331593284
530330058013,75,1.2533333333333334,9.49109060507439,98.49944372691529
530330058014,114,1.3070175438596492,8.589867981463748,86.92386707499182
530330058031,87,1.4367816091954022,11.835434150310391,94.52541042430688
530330058032,69,1.536231884057971,11.855049558906515,95.91089317778788
530330058041,151,1.728476821192053,10.758569433582988,80.87991557224969
530330058042,74,1.5405405405405406,10.811321097438261,74.43064582588048
530330059011,81,1.5555555555555556,10.438210550274837,81.1300159732443
530330059012,68,1.7941176470588236,10.553646307808057,77.68587190890896
530330059013,59,1.694915254237288,10.276660702909595,79.2509211014288
530330059021,63,1.492063492063492,11.11212005592618,72.70176574295297
530330059022,73,1.6986301369863013,9.755779800132748,74.46441003245714
530330059023,92,1.684782608695652,9.821904994206728,76.68116763127868
530330060001,75,1.72,8.896005347766174,97.96267144628104
530330060002,100,1.83,9.42865558191785,92.71863232083913
530330060003,103,1.6893203883495145,9.917945531252798,86.71126930575903
530330060004,89,1.797752808988764,9.561891745122232,90.83060720809914
530330061001,84,2.2738095238095237,7.887940306801897,67.70165791045848
530330061002,75,2.24,6.513689132643915,62.24954985702878
530330061003,35,1.4,7.854901226298431,63.96420041704872
530330061004,65,1.523076923076923,8.979161401815347,67.9932996800606
530330061005,57,1.2456140350877194,6.355173051914568,81.4060402266302
530330062001,84,2.0714285714285716,7.5220717014628375,62.21767863238394
530330062002,64,2.5625,7.1777988164563045,61.9605228457878
530330062003,70,1.3285714285714285,6.490724947757718,52.39114692798093
530330063001,19,1.0,8.09832598315586,53.0
530330063002,60,1.4333333333333333,7.639205789272982,67.03484468273552
530330063003,15,1.0,8.039873530473672,53.0
530330063004,36,1.0,7.2478438741045705,73.86111111111111
530330064001,70,1.3857142857142857,7.646157350435289,55.11356694606305
530330064002,87,1.4942528735632183,7.16089929601794,52.010146599434805
530330064003,77,1.4675324675324675,7.455094595530044,50.07520074478261
530330065001,75,1.3333333333333333,6.468230643589039,53.34024148402464
530330065002,88,1.4886363636363635,7.015211438271547,51.53735760651859
530330065003,67,1.6865671641791045,6.316959007332027,52.83546059227647
530330066001,124,1.6935483870967742,6.80570081298174,76.29855136821472
530330066002,71,1.3661971830985915,6.968019620347852,81.76704529542212
530330066003,78,1.5256410256410255,5.932521809741364,53.68748197392209
530330067011,79,1.6962025316455696,7.611044410427752,86.19122896238143
530330067012,88,1.7272727272727273,7.440610602377168,83.44836993085005
530330067013,68,1.5294117647058822,7.462396576269012,90.94806435528295
530330067021,95,2.231578947368421,8.691760922401341,87.45877653972524
530330067022,82,1.9268292682926829,7.471504123952253,80.56021663927059
530330067023,95,2.1578947368421053,7.9076699464561955,85.2694788088884
530330067031,81,1.7530864197530864,9.44131667745541,93.93684241424155
530330067032,77,1.6493506493506493,8.624269186467645,93.22170007720229
530330067033,91,1.835164835164835,8.675472240746677,87.16728766930956
530330068001,104,1.7980769230769231,9.818991195561976,90.2493462773658
530330068002,103,1.8058252427184467,9.725834423635533,80.10235689822305
530330068003,92,1.5434782608695652,9.53698731741809,77.96318248067752
530330069001,78,1.6923076923076923,9.015330392581452,74.55867791112102
530330069002,89,1.6404494382022472,8.84826631247179,74.45711511178143
530330069003,89,1.8089887640449438,8.899456075463247,76.21501830946704
530330070011,79,1.8860759493670887,9.278701032181718,78.57125042333269
530330070012,58,1.8793103448275863,8.445481932163784,77.27071762533251
530330070013,57,2.0350877192982457,9.124670977342783,79.59584087405008
530330070021,77,2.0,10.620865691211925,82.43656663344858
530330070022,106,1.9528301886792452,9.348727913681316,87.18836804316074
530330070023,86,2.302325581395349,9.079477177894606,84.56846129883544
530330071011,52,2.480769230769231,9.266489123088432,78.8580118833593
530330071012,105,2.6476190476190475,8.497634381735997,82.54763451749676
530330071021,73,2.1506849315068495,8.414926732309963,75.84118969096205
530330071022,49,2.1020408163265305,8.53832612015919,77.97882260348933
530330072011,90,4.066666666666666,7.994377662650053,68.26740304567164
530330072012,74,3.5135135135135136,7.613936598698794,74.38908711307907
530330072013,93,3.946236559139785,8.007168372355975,69.63907822492357
530330072021,104,4.346153846153846,8.178300899982846,65.83953368344928
530330072022,134,4.208955223880597,8.50201966986155,64.2839168542087
530330072023,118,4.0508474576271185,8.38801361734166,66.14780118151634
530330072031,131,3.3053435114503817,8.278020065699986,70.59647526045183
530330072032,128,3.0625,7.667549899373344,73.27336545461559
530330073011,114,2.324561403508772,8.210886633582826,61.001213971901194
530330073012,99,2.505050505050505,7.28212050816192,63.35043378548399
530330073013,80,1.9625,6.865213947510921,64.95647704371436
530330073021,145,3.889655172413793,9.115293646724469,64.17844422536103
530330073022,170,3.411764705882353,8.698942652624973,64.43820390047688
530330073023,126,3.7777777777777777,8.374760493031568,65.44202505586118
530330073031,105,2.552380952380952,7.7503876518926775,71.74757568214477
530330073032,112,3.455357142857143,7.277628192815098,64.25486612422232
530330073033,118,3.4491525423728815,8.239834792527006,65.68697130880425
530330074031,58,1.8275862068965518,7.006792414107918,54.74157760977606
530330074032,82,1.829268292682927,7.4534237065446325,60.8116074185286
530330074041,63,2.0476190476190474,6.932794108295618,55.98517757502768
530330074042,84,2.142857142857143,7.628137501043462,62.448366107333534
530330074051,105,2.085714285714286,9.740630040129929,65.04121648178734
530330074052,96,2.28125,10.199075756030734,67.42175054435567
530330074061,110,2.0636363636363635,8.058879019380782,61.55223824896601
530330074062,121,2.355371900826446,9.258450263292954,60.19694309289039
530330075011,92,1.684782608695652,7.3868378031750535,58.55126524474437
530330075012,89,1.6629213483146068,7.261229344658531,55.8064187603441
530330075013,95,1.5052631578947369,7.03169156450646,56.540397346149064
530330075021,98,1.8265306122448979,7.37861590158011,63.15738719092948
530330075022,97,1.6391752577319587,7.217457896420579,59.500230182962284
530330075023,111,1.972972972972973,10.436466960873023,64.38849357783113
530330075031,126,2.0714285714285716,10.572084402493143,67.46813162703606
530330075032,104,1.9423076923076923,9.654041084997207,66.01064255070841
530330076001,101,1.4455445544554455,7.125810003669432,52.1274302487342
530330076002,99,1.3535353535353536,7.181017210926462,57.98843938801123
530330076003,109,1.5045871559633028,7.075308567945094,57.39221242186493
530330077001,95,1.2,7.068345477977429,76.28434718832366
530330077002,91,1.3076923076923077,7.245367503269228,65.0713220917638
530330077003,106,1.2924528301886793,7.329948651367767,71.89356741481097
530330077004,97,1.2577319587628866,7.259243260805701,69.40357814355691
530330078001,108,1.0925925925925926,5.8042980550260515,71.96790243459088
530330078002,92,1.0869565217391304,5.51173196534434,76.94518134684344
530330078003,72,1.0555555555555556,5.61547656007135,80.53125025898576
530330078004,61,1.0655737704918034,7.003803310849195,82.84016424011435
530330079011,105,1.7047619047619047,7.406221079939611,61.20480126033435
530330079012,120,1.725,7.7125423531204165,62.7589791952357
530330079021,98,1.4591836734693877,7.292771180620453,62.314835036553845
530330079022,100,1.41,7.339604882364374,65.75037781939048
530330079023,110,1.4727272727272727,6.82246542363748,66.99846794977847
530330080021,110,4.5,9.105497144736276,62.38914145822273
530330080022,75,4.546666666666667,7.954572263281396,68.00809798701947
530330080023,98,4.63265306122449,8.26005114519781,65.39066246630883
530330080031,80,4.5125,7.969221692303217,68.22480921283972
530330080032,63,4.0,8.080226505904697,75.31333285257071
530330080033,60,3.3333333333333335,8.781093676754953,79.34334812979698
530330080041,51,4.078431372549019,8.663638494825369,78.40347737887899
530330080042,44,4.386363636363637,8.743636425361618,79.12137851958231
530330080043,98,4.051020408163265,8.910344936248588,68.94828517337635
530330081011,113,5.008849557522124,9.510802561493277,61.9396228880913
530330081012,132,4.863636363636363,9.743071810076497,61.25567727706564
530330081013,137,4.956204379562044,9.843830235148387,62.10025536702144
530330081021,187,4.304812834224599,10.078111513591004,64.22616460845184
530330081022,172,4.401162790697675,11.248369085026557,62.54308966270959
530330082001,210,4.076190476190476,10.10028658621495,62.94392735924735
530330082002,185,4.043243243243243,10.084435492733549,63.27452804200418
530330082003,180,3.977777777777778,10.27110542299742,64.1934504918755
530330083001,198,3.8585858585858586,10.28403839085097,64.2989452524832
530330083002,190,3.710526315789474,9.842995892339601,63.40026303012234
530330084011,108,2.175925925925926,11.006665676027465,69.17318453919378
530330084012,140,2.5214285714285714,10.699812383506126,65.90761970889008
530330084013,154,2.538961038961039,10.77966149600739,66.98195235569194
530330084021,119,2.453781512605042,11.211647472143396,67.08392642267329
530330084022,129,2.5348837209302326,10.1160933768029,63.62051779599838
530330084023,135,2.562962962962963,10.816578085454356,66.08393085624549
530330085001,192,3.9479166666666665,10.954890724190589,64.95798847889567
530330085002,169,3.3846153846153846,10.15527503720459,66.37828671930168
530330085003,171,3.9239766081871346,10.12312390838026,66.11882795400017
530330086001,144,1.9861111111111112,8.802199271197578,67.70845399100897
530330086002,147,2.693877551020408,9.380219487340236,70.28072778218731
530330086003,145,2.296551724137931,9.593977049934901,66.75637174537245
530330086004,128,2.65625,9.926374252356391,69.45153447601295
530330087001,142,1.6971830985915493,8.098695711681453,67.7659117332064
530330087002,97,1.4845360824742269,6.094359796880556,71.15526379823623
530330087003,105,1.9333333333333333,8.213373800013736,69.1833759667738
530330088001,131,1.282442748091603,6.287466124190433,72.81780661888791
530330088002,123,1.2276422764227641,5.74350706583141,72.31723325847774
530330088003,110,1.2272727272727273,5.551143634720376,71.89455606638936
530330089001,81,1.1975308641975309,5.588884354318707,66.30683293111555
530330089002,96,1.2916666666666667,5.158763112473527,66.65714036856389
530330089003,106,1.349056603773585,5.4108291865880584,68.42203327478367
530330089004,96,1.40625,5.7237570110931,69.44264251091394
530330090001,108,2.1944444444444446,8.086718144770995,71.88717540303578
530330090002,94,1.7765957446808511,6.6724984686768085,72.03780685732022
530330090003,100,1.55,5.910817328140605,70.97411227028557
530330091001,153,3.3856209150326797,9.606566170220228,67.9011419450043
530330091002,124,3.846774193548387,10.098397344568301,66.33233002857843
530330092001,154,3.7987012987012987,10.650466095210955,64.51998194647429
530330092002,149,4.429530201342282,10.767315187359086,63.641512273645944
530330093001,154,2.9740259740259742,7.970869089719446,75.21416942246893
530330093002,170,3.7411764705882353,10.50343062880559,73.37834110930915
530330093003,155,1.7741935483870968,7.7100283160519325,97.97380581110781
530330094001,65,1.8461538461538463,5.807649675297898,82.39279200567157
530330094002,87,1.5977011494252873,5.8439124034893455,82.32525101399106
530330094003,62,1.6935483870967742,6.106211261569828,88.12792887235763
530330094004,119,1.8403361344537814,6.161126919930728,71.2776115253027
530330094005,87,1.9195402298850575,6.223872097920918,74.03392706591082
530330095001,90,1.2222222222222223,5.562736976157563,70.58322448145172
530330095002,102,1.392156862745098,5.896796869149602,71.0040049569532
530330095003,71,1.1267605633802817,5.787298671641874,82.15089236440502
530330095004,63,1.3174603174603174,5.838684167164939,81.79048134108338
530330096001,64,1.953125,15.450038707388494,82.0310580773606
530330096002,67,1.9104477611940298,14.518302746661458,80.74617487964984
530330096003,66,2.015151515151515,14.789203545194246,88.16125410100334
530330096004,56,2.0535714285714284,16.001113463613763,89.1201067505908
530330097011,17,2.0588235294117645,9.176671864376868,93.67049196464272
530330097012,47,1.425531914893617,5.967235509638703,73.50947451434972
530330097013,43,1.7209302325581395,8.495379529491434,77.67693754894958
530330097014,44,1.5227272727272727,7.305257471429471,75.9893871241046
530330097021,82,1.9634146341463414,11.25527280598168,94.59712812356703
530330097022,80,1.8875,9.846469108598447,90.71912308316902
530330097023,59,1.728813559322034,8.35445664268981,88.28227887493452
530330097024,73,1.8904109589041096,9.4538792896522,92.0447222344907
530330098011,69,1.9855072463768115,15.072501654782593,87.52518612923981
530330098012,62,2.225806451612903,14.935684849464826,91.60747290207259
530330098013,60,2.25,14.103726264389472,96.9030520973949
530330098021,59,2.2203389830508473,12.89008051762358,94.4923688214223
530330098022,61,1.9836065573770492,9.404950222403768,93.66472985995323
530330098023,61,2.2459016393442623,12.421904703917601,96.35330196890601
530330099001,71,2.0140845070422535,12.449489622367626,84.16588682386117
530330099002,70,1.5857142857142856,7.421311694652048,91.53209058182874
530330099003,41,1.5853658536585367,6.30920516870989,80.11558348934805
530330099004,96,1.9270833333333333,12.64089726075683,81.68008909726949
530330100011,111,1.3693693693693694,6.139630845443959,91.96980540423078
530330100012,83,1.3253012048192772,6.966821646249375,98.32991204045791
530330100013,86,1.2209302325581395,5.909436267111126,97.50703773840263
530330100021,78,1.4230769230769231,6.180257208443105,94.2382333134545
530330100022,61,1.459016393442623,6.718108365068931,93.3391612308854
530330100023,84,1.5119047619047619,5.864761727550562,89.78633300556278
530330101011,59,1.152542372881356,6.038286758510784,93.63912662986364
530330101012,62,1.1129032258064515,5.751029174355007,98.38207340069724
530330101013,67,1.0746268656716418,6.235429294355493,100.87384662641558
530330101021,39,1.0512820512820513,7.64719349097763,109.74510319834306
530330101022,59,1.0508474576271187,6.506299659625995,102.83303837535696
530330101023,51,1.0980392156862746,6.350148355725298,96.61858282293814
530330102001,32,1.0,8.606325538557451,118.125
530330102002,44,1.0,7.787489330300935,114.72727272727273
530330102003,51,1.0196078431372548,7.08061521475071,111.98687868342044
530330102004,41,1.0,7.6562936582061125,114.1219512195122
530330103011,45,1.0444444444444445,6.703783391373875,112.35686721634178
530330103012,47,1.0638297872340425,5.424438663065116,103.70428837682893
530330103013,48,1.0625,5.200772103784905,100.10628236897833
530330103021,45,1.0444444444444445,6.163964170703748,109.51242277189733
530330103022,40,1.05,6.053957056354257,108.62647561838449
530330103023,49,1.0408163265306123,6.231193164211388,109.14406172929345
530330104011,64,1.03125,5.531904287283483,101.0321722614903
530330104012,74,1.1081081081081081,6.068243831319847,104.47137961710132
530330104013,73,1.0273972602739727,5.5300302679907105,99.23897395299628
530330104021,63,1.3968253968253967,7.332165122199715,103.68606104851389
530330104022,64,1.34375,7.140282633146944,103.04373917605301
530330104023,48,1.2708333333333333,6.749237443585321,103.68258794114713
530330104024,61,1.4098360655737705,7.291347412233349,101.75159423057924
530330105011,45,2.0444444444444443,10.602409451986027,105.48873973083651
530330105012,57,1.7894736842105263,9.19567394429045,118.76591998760416
530330105013,51,2.1372549019607843,10.618867427624098,99.5864425795851
530330105021,49,1.816326530612245,7.882674539921596,92.7464815760448
530330105022,41,1.7317073170731707,8.220759633772563,99.6380892601986
530330105023,52,1.8076923076923077,9.239771668404284,110.75478163814833
530330105024,45,2.066666666666667,10.262367841258587,105.25036766799934
530330106011,52,1.5,8.547380258501036,118.9653405095963
530330106012,42,1.1666666666666667,5.677795160424335,127.32190628976596
530330106013,43,1.1395348837209303,5.702004952223657,122.7589062185111
530330106021,21,1.3333333333333333,4.719780935318129,112.73905067477001
530330106022,39,1.3333333333333333,5.04152148479062,80.91437573690592
530330106023,27,1.6296296296296295,9.337978749612086,114.27012364415332
530330107011,71,1.267605633802817,7.4849110004475286,126.21506216790974
530330107012,61,1.2459016393442623,6.930971921824588,111.59608939228261
530330107013,76,1.0789473684210527,5.938330270082255,107.36825247641633
530330107021,50,1.34,6.3095926859576865,115.61186631881286
530330107022,48,1.0,5.630587044477433,124.08333333333333
530330107023,41,1.0,5.729641285577118,130.14634146341464
530330108001,102,1.392156862745098,7.268200800884521,103.98342765467154
530330108002,74,1.2702702702702702,7.085192796304922,109.9350084777711
530330108003,45,1.3555555555555556,6.596556997301934,85.17388484917322
530330109001,101,1.2673267326732673,8.15763868853486,111.58970963743126
530330109002,63,1.5238095238095237,8.47399751606129,109.39333067959436
530330110011,64,1.0625,6.8131912193550495,112.3998580678623
530330110012,68,1.0294117647058822,6.00090979156046,107.25654556718717
530330110013,62,1.032258064516129,6.854651027189365,112.26524352530207
530330110021,83,1.216867469879518,6.963111768957759,105.10047268509314
530330110022,46,1.0,6.228868350802485,106.5
530330110023,55,1.0363636363636364,6.519228793201448,108.29900179215869
530330111011,59,1.0338983050847457,6.129613936172918,107.83805251811404
530330111012,48,1.0416666666666667,6.096677779295916,108.23843955351516
530330111013,64,1.125,7.400353873961601,108.54515936662781
530330111014,58,1.0344827586206897,5.965819656836026,106.611122389116
530330111021,45,1.0666666666666667,8.612163406405514,112.56263364200498
530330111022,50,1.02,6.969612540396367,110.00661625708885
530330111023,48,1.1666666666666667,7.501375733801062,108.16437915550375
530330111024,37,1.1081081081081081,8.302921192030091,110.41349413840521
530330112001,40,1.125,8.321345446739675,115.89152443401527
530330112002,51,1.3333333333333333,8.182933482851428,110.16834376502982
530330112003,39,1.1282051282051282,8.773488803042296,113.21146470400203
530330113001,79,1.379746835443038,8.02104757417508,119.04373576263662
530330113002,66,1.4090909090909092,7.2427191710445,111.72993421507442
530330113003,67,1.462686567164179,7.574811491178722,113.14807513041872
530330113004,84,1.4047619047619047,7.669174474270457,117.18345491436561
530330113005,60,1.3833333333333333,8.101231170690047,118.05865006706863
530330114011,70,1.3857142857142857,7.957623947813041,119.95750725671951
530330114012,78,1.3846153846153846,8.422567843417152,114.46141176350484
530330114013,87,1.4022988505747127,7.6411119312003875,115.41310307627027
530330114021,77,1.3896103896103895,7.9548816423580515,108.90244731527741
530330114022,58,1.4655172413793103,7.5670170250683295,106.37303720876737
530330114023,61,1.3278688524590163,6.8535460792653495,103.93475269528362
530330115001,65,1.1692307692307693,6.871039171366926,115.9878917262877
530330115002,45,1.2,6.661691654206597,97.63227199691268
530330115003,46,1.0217391304347827,6.010201262540312,121.29925889328064
530330116011,44,1.0454545454545454,5.93618701718807,89.214940344865
530330116012,45,1.0888888888888888,4.86537861686407,90.5976560422156
530330116021,43,1.069767441860465,5.68616945213383,120.98990532304609
530330116022,40,1.025,6.088183586387656,94.79414772727273
530330116023,21,1.1428571428571428,5.050139790914378,91.74123470909437
530330117001,86,1.1744186046511629,7.567852294895393,116.164755754413
530330117002,86,1.1162790697674418,7.713484599557175,114.64158730682041
530330117003,52,1.0961538461538463,7.433332689945199,116.58791703026837
530330117004,72,1.1805555555555556,7.989706199999541,122.02394300431651
530330118011,50,1.26,6.491060593016806,110.5944779262158
530330118012,63,1.2222222222222223,7.411727902182899,110.61799525018843
530330118013,67,1.1940298507462686,7.305694569581623,115.78692382553417
530330118021,61,1.1967213114754098,6.251714994267099,114.52037913245935
530330118022,58,1.1896551724137931,5.897392719513709,112.16513928510916
530330118023,63,1.2063492063492063,7.021462935220221,116.40831581445697
530330119011,78,1.1538461538461537,6.968745646840023,119.70183496256436
530330119012,59,1.0,6.691321851824573,123.64406779661017
530330119013,44,1.0454545454545454,8.298050687895783,126.41433566433567
530330119021,50,1.02,5.137586077491623,116.02470588235293
530330119022,57,1.0350877192982457,5.797598880892808,122.442387076288
530330119023,61,1.0327868852459017,6.395132151847032,122.2002633335806
530330120001,47,1.148936170212766,4.429857595731326,98.56703059700571
530330120002,43,1.0930232558139534,3.4179616246254243,97.09057027673727
530330120003,40,1.05,4.139084251191472,96.3864343793515
530330121001,34,1.0,2.569704696108735,96.44117647058823
530330121002,30,1.0666666666666667,2.5214856803033343,106.42334582563733
530330201001,10,2.0,15.245392729633235,80.51435193938502
530330201002,10,2.0,15.245392729633235,80.51435193938502
530330201003,8,2.0,15.42348872119442,80.50329825003676
530330202001,43,1.6046511627906976,8.100632478967196,78.4895408414474
530330202002,54,1.6481481481481481,7.674750020307735,79.33461069327441
530330202003,24,1.5833333333333333,7.751214811148819,81.86425643931989
530330202004,30,1.5333333333333334,7.504017560489716,82.16182870246561
530330203011,55,1.5636363636363637,7.8561319023073635,77.77630781836869
530330203012,57,1.5087719298245614,8.441359636867622,77.06649282856124
530330203021,89,1.5842696629213484,9.291991405373485,75.16260090237509
530330203022,56,1.625,9.130153630246673,76.25991616019238
530330203023,60,1.6333333333333333,10.005130587223336,73.8800953310829
530330204011,38,1.0,4.83171888027584,92.84210526315789
530330204012,66,1.3333333333333333,8.033785891323152,83.24065592661847
530330204013,48,1.1041666666666667,3.9362555473983964,89.73616388980463
530330204021,37,1.0,6.011662377717855,90.56756756756756
530330204022,43,1.0,3.232347396970073,90.16279069767442
530330204023,28,1.2142857142857142,4.18978726514733,85.08724860978668
530330204024,47,1.0,5.416978271823322,93.42553191489361
530330205001,44,1.1136363636363635,3.645082272725826,88.98490606160506
530330205002,28,1.1071428571428572,3.7375066359341456,89.25891978267818
530330205003,47,1.2127659574468086,11.016376839685442,81.65714617190781
530330205004,63,1.1904761904761905,9.700270912335574,80.34926217680146
530330205005,40,1.175,4.7293578453611245,89.38554948765639
530330206001,53,1.4528301886792452,9.172736865780779,76.01260199321347
530330206002,73,1.2876712328767124,9.25624970704747,75.87463946083906
530330206003,89,1.348314606741573,9.204160713398856,73.19539307211409
530330206004,55,1.5818181818181818,8.301371876884158,72.1229082165096
530330207001,94,1.4680851063829787,8.825704470009875,72.09385355924987
530330207002,73,1.5753424657534247,9.074997420927744,74.03715578305133
530330207003,83,1.6024096385542168,9.54418576638433,74.53880289731146
530330208001,44,1.5454545454545454,7.680930796423132,79.62208533292241
530330208002,61,1.6557377049180328,11.142903927502818,77.16346171743024
530330208003,23,1.826086956521739,11.014413802974042,80.66239051568324
530330209001,68,1.4852941176470589,8.127246553619296,75.31067495758764
530330209002,68,1.5,7.202347220566736,77.85489202533152
530330209003,69,1.5507246376811594,8.280397461233287,81.07637325357591
530330210001,71,1.2535211267605635,8.953412699262547,76.29903829276796
530330210002,82,1.146341463414634,7.28176189927142,73.94437209684756
530330210003,77,1.2337662337662338,6.405682821339966,72.36814869932971
530330210004,91,1.2417582417582418,6.773591502762367,71.22265401640972
530330210005,85,1.2,7.823901680649746,72.38266650746705
530330211001,72,1.4583333333333333,11.411505499363841,78.42834176435876
530330211002,64,1.59375,11.875607856348381,75.97195462193876
530330211003,81,1.728395061728395,13.9746419195605,76.86491029867929
530330213001,32,2.34375,17.540262934669208,74.79273360614012
530330213002,34,2.2058823529411766,15.661982031714304,73.39350583971314
530330213003,32,2.25,16.78522498204584,72.17226037289899
530330214001,23,1.6521739130434783,5.930004605956115,80.66726406611252
530330214002,28,1.5714285714285714,11.819563756140848,73.42575350098038
530330214003,45,1.3111111111111111,3.702665543757387,85.85691176011224
530330215001,16,1.0,4.269780200293734,86.5
530330215002,14,2.2142857142857144,7.820114764013343,79.15339759916019
530330215003,20,1.95,6.727776172403502,79.88051264777035
530330215004,6,2.0,4.0194857020319965,80.79679456241956
530330216001,2,4.0,12.034039380748139,76.39038368725869
530330216002,21,2.0476190476190474,8.379505954120365,121.26534953450007
530330216003,13,2.6923076923076925,12.192223564543486,106.65941078650013
530330216004,9,2.3333333333333335,11.431196850909007,114.5068371943372
530330217011,14,2.2857142857142856,12.551896441225937,109.12478071377438
530330217012,4,2.25,16.73793609218168,120.74606199186992
530330217021,36,1.8055555555555556,7.901018895463292,102.2875243926406
530330217022,11,2.5454545454545454,12.637721321377008,79.72906673153595
530330217023,22,2.0454545454545454,10.696708812721347,106.12729551915513
530330218021,19,1.6842105263157894,7.419155648310562,76.97709650954981
530330218022,46,1.5869565217391304,10.493633709863758,75.99279714825323
530330218023,28,1.5,11.294775487325984,70.25422523049843
530330218024,8,1.0,3.526653776429001,75.25
530330218031,21,1.5714285714285714,9.821534668619192,82.91631556678745
530330218032,25,1.64,9.433044300495194,80.79155528639264
530330218033,32,1.65625,8.686638025258167,81.25668155788159
530330218034,16,1.5625,8.708687113736094,81.79331075134795
530330218041,26,1.6923076923076923,9.04684041239072,80.70511927047595
530330218042,29,1.7241379310344827,9.964190588607694,81.93821939788451
530330218043,28,1.75,9.926817456133955,81.72172723352324
530330218044,46,1.673913043478261,9.415406997283872,82.99784065719476
530330219031,70,1.3714285714285714,7.90908728191186,91.08635821998887
530330219032,61,1.459016393442623,9.036327414425122,89.30129503631329
530330219033,64,1.53125,8.038092634897854,85.93313424231117
530330219034,50,1.36,5.831495564089082,82.29481735313807
530330219041,29,1.0689655172413792,8.002299475018393,84.62797552836486
530330219042,32,1.21875,9.034014321190439,71.8130451502077
530330219043,39,1.1282051282051282,4.251095420371319,76.18570019723866
530330219044,47,1.3617021276595744,5.45986913639623,78.22644265509061
530330219051,44,1.7045454545454546,11.316480167990587,82.83777318867746
530330219052,65,1.6,9.928950822056342,88.45580389828422
530330219053,46,1.608695652173913,10.980051891586498,80.21595232303352
530330219054,49,1.510204081632653,8.067045477992554,82.73071704850419
530330219061,44,1.5909090909090908,10.55504210625673,79.01811030947059
530330219062,29,1.2758620689655173,2.6846463131634617,83.50358090185678
530330219063,45,1.4222222222222223,5.520265421355309,83.9317047817048
530330220011,77,1.5584415584415585,9.99226275600974,81.99955765802976
530330220012,56,1.6964285714285714,10.974034138955217,81.99501703179271
530330220013,48,1.5416666666666667,10.809530372437523,81.09322380957468
530330220031,56,1.6607142857142858,11.309305981494955,98.03996694436819
530330220032,70,1.7571428571428571,12.102178509763249,95.2508153536426
530330220033,54,1.7037037037037037,11.619650299059106,102.60230383928621
530330220034,43,1.6744186046511629,11.828203497670426,100.4287562658329
530330220051,72,1.8055555555555556,11.136049291999353,98.58252648476248
530330220052,63,1.8571428571428572,10.877879619383375,93.86737939000227
530330220053,45,1.6888888888888889,10.437350034343106,95.24753663420431
530330220054,53,1.7924528301886793,11.280348986152756,101.81238735858258
530330220061,40,1.7,7.621747524275581,83.90395581536082
530330220062,32,2.0625,11.69056407968295,93.51910119060692
530330220063,21,2.2857142857142856,10.707315071529663,84.54993606292255
530330221011,36,1.5833333333333333,5.880076596072346,125.16236511884878
530330221012,35,1.8857142857142857,6.759353392791521,119.21204432281509
530330221013,28,1.0,0.004672226706123003,145.0
530330221014,31,1.6774193548387097,6.055134957269151,126.58558645138199
530330221021,40,1.3,5.945269011039925,103.67092285578697
530330221022,48,1.5833333333333333,5.701575467087991,110.24038287781383
530330221023,42,1.4047619047619047,4.591677829615461,127.9052317630213
530330221024,20,1.0,0.010441253400290552,145.0
530330222011,27,1.0,0.007234002154485392,145.0
530330222012,24,1.0,0.006283131059494378,145.0
530330222013,28,1.0,0.00733342301138702,145.0
530330222031,41,1.6097560975609757,6.312869778843248,119.15790879680533
530330222032,16,1.0,0.003966572504706075,145.0
530330222033,25,1.92,5.6293013096509865,104.43097446586762
530330222034,3,1.0,-0.00896282346376731,145.0
530330222041,53,1.3018867924528301,5.242351296479734,117.96822492240062
530330222042,53,1.3962264150943395,6.95699094700484,117.6439349289616
530330222043,56,1.5,7.748748514609226,114.2273445664275
530330222051,15,2.4,10.30307971402608,77.71892909199386
530330222052,52,1.6538461538461537,8.404389456391835,111.68118136968991
530330222053,37,1.7837837837837838,9.31819754582207,108.84334744761702
530330223001,16,1.0,0.021505872044358193,145.0
530330223002,6,1.0,0.09455255632279845,145.0
530330224011,26,2.230769230769231,10.766599741867095,77.94105160912144
530330224012,40,2.1,10.825549406515897,81.4701546520289
530330224013,50,1.86,10.1124326148115,84.28149794393384
530330224021,51,1.803921568627451,9.570312781608301,86.55066371258647
530330224022,42,2.119047619047619,10.647579389684221,79.51910743575317
530330224023,47,1.9574468085106382,10.191697751076953,84.57716497090078
530330225011,31,1.4193548387096775,7.752114287136401,91.64900247025929
530330225012,24,1.625,7.607874435344452,94.27576726225044
530330225013,49,1.5510204081632653,7.102636632983327,96.79606192857936
530330225021,47,1.6170212765957446,8.148588989610207,88.48836663353991
530330225022,50,1.68,8.832041102227599,93.11292836833594
530330225023,52,1.5769230769230769,7.762763980564579,91.91425885325972
530330226031,47,1.1063829787234043,4.2592986587830595,111.19965682910089
530330226032,44,1.0,2.6851096240493852,122.97727272727273
530330226033,42,1.119047619047619,4.090506330015482,116.24723502304148
530330226034,45,1.0888888888888888,3.8794257573833977,119.1602497732211
530330226041,48,1.0625,4.263815719879454,122.41812303357835
530330226042,33,1.2424242424242424,5.278865948083086,107.98586206590085
530330226043,34,1.1470588235294117,5.7532938263735405,122.00590758802097
530330226051,50,1.34,8.378609495875024,81.85727901365888
530330226052,73,1.1917808219178083,6.224426296357925,100.69208841584503
530330226053,83,1.0602409638554218,5.536782750521873,97.14920326467158
530330226061,45,1.5555555555555556,7.378736700209289,102.34245331985205
530330226062,20,1.55,7.973760006034834,131.23711662631155
530330226063,43,1.2093023255813953,5.793824421729219,120.23228128460687
530330226064,38,2.0,8.242665024847499,108.90163035203501
530330227011,39,1.3333333333333333,6.004347904371718,93.72035879812476
530330227012,46,1.2173913043478262,5.11534437465021,87.77523895038736
530330227021,45,1.2222222222222223,5.423427130762134,97.30142675982681
530330227022,50,1.06,4.55348352454983,94.49290116016982
530330227023,46,1.065217391304348,4.930116508695067,90.94880560888024
530330227031,42,1.0952380952380953,4.153523473402151,105.882066680839
530330227032,27,1.1851851851851851,4.3135672195538275,106.4949434015411
530330228021,55,2.018181818181818,10.370849282091777,99.19173147478402
530330228022,77,1.948051948051948,9.690826931830005,93.2006939531545
530330228023,48,1.5208333333333333,8.445406993448335,91.58089824215187
530330228024,49,1.5918367346938775,8.710073665369688,83.84310492311965
530330228031,77,1.5324675324675325,9.769352478657543,102.96236347403229
530330228032,50,1.24,8.140560776470354,103.04106921593686
530330228033,46,1.934782608695652,10.778868382129131,104.27449519095562
530330228034,29,1.6206896551724137,12.542530146867,96.5563101894357
530330228041,28,2.142857142857143,8.624198141403294,92.8989630046788
530330228042,22,2.227272727272727,7.992874194181366,93.25143214479682
530330228043,33,1.4545454545454546,7.859184288173407,103.6479259738124
530330228051,26,2.4615384615384617,9.392183505433099,103.52576926032113
530330228052,34,1.7647058823529411,7.836055919811791,117.23905299276267
530330228053,45,2.1555555555555554,8.667722678248305,110.77625374455093
530330229011,50,1.18,9.55921972238336,103.0467039507838
530330229012,20,1.15,11.02366361273342,107.14158196482363
530330229021,8,1.0,5.865971745068348,104.0
530330229022,1,1.0,0.011111111111110891,104.0
530330229023,7,1.2857142857142858,8.907995853730679,70.32780401416764
530330230001,14,1.0,7.802044384701751,104.0
530330230002,33,1.0606060606060606,7.972440248211861,107.27268430776282
530330230003,71,1.1971830985915493,8.07107952764408,106.04334126601023
530330230004,14,1.0,7.802044384701751,104.0
530330231001,39,1.0769230769230769,5.924335086365546,112.65630011431621
530330231002,54,1.0925925925925926,6.255313483315201,114.74812266974739
530330231003,54,1.0740740740740742,4.484099315202253,120.49994748726564
530330232011,50,1.34,8.366018485757397,108.51674724212735
530330232012,50,1.4,8.966716232919568,109.94912948922851
530330232013,44,1.4090909090909092,9.092141642394756,106.39498635368165
530330232014,53,1.3018867924528301,8.577511590516181,105.15145509501599
530330232021,75,1.28,7.543780772480827,109.41170881611215
530330232022,66,1.2575757575757576,5.995749762163912,115.4217782137328
530330232023,62,1.2741935483870968,7.608312678459543,113.12031313960013
530330233001,42,1.0238095238095237,4.04191734328996,124.90359094457455
530330233002,64,1.359375,6.261935726369892,123.12194685707692
530330233003,74,1.4324324324324325,7.137140856026997,118.08296362789082
530330233004,60,1.2333333333333334,5.593158367213435,120.14635797378627
530330234011,39,2.051282051282051,11.141831952331232,120.54435520780626
530330234012,98,1.8979591836734695,9.513619445613424,107.15732108311799
530330234013,67,2.074626865671642,10.630663754213984,114.7641684266955
530330234031,34,1.0,4.174382649609132,132.7058823529412
530330234032,52,1.4615384615384615,6.515424181454124,123.23626795722808
530330234033,27,1.0,2.952149801274888,131.8148148148148
530330234041,16,1.0,1.6083875455240142,133.0
530330234042,19,1.0,1.339782044003776,133.0
530330235001,28,1.3214285714285714,7.641393975563125,122.12718530638122
530330235002,22,1.6363636363636365,8.100749240342312,118.38365199063456
530330235003,35,1.457142857142857,7.403406728242585,120.1879165533355
530330236011,38,1.1578947368421053,6.123606206654694,92.24115151158392
530330236012,62,1.1935483870967742,6.770206107880364,98.46619529925972
530330236013,50,1.14,5.673749615145573,107.79160652762396
530330236031,32,1.09375,5.60565620718204,102.44533721665036
530330236032,28,1.0357142857142858,6.265873813682392,104.1545988258317
530330236033,37,1.054054054054054,6.700196276206791,97.7500122667642
530330236034,17,1.0,6.017570763744168,87.05882352941177
530330236035,17,1.0,5.476863457621162,84.23529411764706
530330236041,36,1.2777777777777777,6.581972166913307,110.84645054178445
530330236042,39,1.564102564102564,8.393141263678112,122.27882470887324
530330236043,53,1.830188679245283,8.385176268766637,114.75647594087185
530330236044,50,2.06,9.973525009443744,117.82329318745204
530330237011,32,1.03125,5.659060412196069,90.670361328125
530330237012,28,1.1071428571428572,5.919503158055318,93.60332072894455
530330237013,19,1.0,6.3732359677935415,113.94736842105263
530330237021,53,1.1886792452830188,7.462411673596079,94.59666390443037
530330237022,45,1.0666666666666667,6.405345733785877,90.11493645816141
530330238011,55,1.0909090909090908,6.839712183878533,78.90952605824482
530330238012,75,1.2933333333333332,7.095816690422935,83.85319882048978
530330238051,30,1.1666666666666667,7.885915166695611,88.73413110678219
530330238052,39,1.205128205128205,8.180316923982884,91.08158382113746
530330238061,38,1.263157894736842,8.775748009768643,94.8058733403897
530330238062,46,1.2173913043478262,7.612837400008584,93.60050406380019
530330238063,43,1.2325581395348837,8.053269665427244,90.68891132406532
530330238071,46,1.1304347826086956,7.033699304937737,87.55957285030246
530330238072,36,1.1111111111111112,6.665447444667923,77.36941481120738
530330238073,54,1.1851851851851851,6.977950940166494,90.6596886469409
530330238081,49,1.2040816326530612,7.068584484614065,89.70659565173081
530330238082,54,1.1481481481481481,6.999522504189913,88.92929201896966
530330238083,44,1.1363636363636365,7.170545066031826,85.24409888895258
530330239011,37,1.1081081081081081,6.167050769456359,69.41348468117475
530330239012,39,1.0512820512820513,5.542118057547438,70.89987773376657
530330239013,17,1.1176470588235294,5.256255452446298,42.12324891864099
530330239021,15,1.1333333333333333,5.083386509852115,43.473015441126456
530330239022,24,1.375,8.836539758554503,109.66234777275464
530330240011,51,1.196078431372549,8.264830157391359,96.07104288107467
530330240012,18,1.5,4.6692137593327665,84.22759084900973
530330240013,33,1.121212121212121,6.709139163816257,91.98842364880143
530330240021,24,1.0,4.343587323934529,107.29166666666667
530330240022,26,1.0384615384615385,5.066454743355512,95.03040821993889
530330240023,24,1.2083333333333333,7.301578519655801,97.66766388347774
530330241001,21,1.7619047619047619,5.246478754111164,96.77572121735
530330241002,17,1.9411764705882353,3.557972345770551,114.25236150378531
530330241003,22,1.3636363636363635,3.6034002608242846,118.02932149009888
530330242001,13,1.6153846153846154,1.9822727278088643,120.74192867555195
530330242002,29,1.2758620689655173,4.426806218714792,109.91879561317846
530330243011,10,1.4,5.572095920581529,50.411679157430534
530330243012,17,1.2352941176470589,3.3499128893334897,51.88922303378267
530330243013,23,1.173913043478261,2.485269989151201,52.43986050323067
530330243021,14,1.2857142857142858,4.047318748127796,51.436913683878956
530330243022,8,1.5,6.965800728613621,49.51459894678817
530330243023,12,1.3333333333333333,4.588901647688675,51.009732631192115
530330244001,19,1.2105263157894737,3.0431997793222365,52.11141008285818
530330244002,23,1.173913043478261,2.485269989151201,52.43986050323067
530330245001,15,1.0,0.04823892519971067,54.0
530330245002,25,1.0,1.3794509803921584,54.0
530330245003,29,1.0,0.016324844113891762,54.0
530330246011,28,1.0,-5.310291199813258,54.0
530330246012,35,1.0,-4.236535169623405,54.0
530330246013,35,1.0,-4.236535169623405,54.0
530330246021,21,1.0,-7.084784469343295,54.0
530330246022,19,1.0,-7.834831154684099,54.0
530330247011,28,1.6071428571428572,8.318204693174017,107.90014390876124
530330247012,43,1.255813953488372,7.038402817832819,117.14418706285353
530330247013,37,1.162162162162162,7.392104795467339,122.22262584995143
530330247031,18,1.0,2.5297949735449734,137.0
530330247032,22,1.0454545454545454,1.9963961277930757,127.4703230653644
530330247033,16,1.0,4.643048902616763,122.0
530330247041,22,1.0,4.826613530883169,122.0
530330247042,24,1.0,6.220767093473128,123.25
530330247043,8,1.0,6.76532859022088,131.375
530330248001,59,2.016949152542373,8.618951468876702,108.91251616599837
530330248002,67,2.044776119402985,9.236831034799884,96.59048174820207
530330248003,52,1.6538461538461537,7.2367888979311505,99.20341540274298
530330249011,43,1.7209302325581395,6.589165483352317,86.59469831453585
530330249012,31,1.4193548387096775,5.696692873660088,78.17484637238543
530330249013,9,1.0,2.879964166097614,58.0
530330249014,39,1.5384615384615385,7.322903537576353,93.87914401889601
530330249021,21,1.2857142857142858,8.438511422582625,108.63322493877715
530330249022,17,1.0,1.465370286609393,123.23529411764706
530330249023,23,1.0,4.621775263976292,125.78260869565217
530330249042,4,1.25,7.6137067370702685,122.77727272727273
530330249052,9,1.0,0.009168914479371936,133.0
530330250011,24,1.0,3.067925539980466,122.0
530330250012,28,1.0,3.772990167981607,122.0
530330250013,30,1.0,3.891009882446767,122.0
530330250014,46,1.2391304347826086,6.3560370013418,114.00434877614569
530330250051,14,1.0,2.99079279049232,122.0
530330250052,19,1.0,3.3449654598220993,122.0
530330250053,16,1.0,2.6102233164388835,122.0
530330250062,7,1.2857142857142858,21.797281135971613,88.96836734693878
530330250063,19,1.105263157894737,9.36703195029135,116.77781954887219
530330250064,5,1.2,25.16842463092463,74.42
530330250071,16,1.0,1.6083875455240142,133.0
530330250073,16,1.0,1.6083875455240142,133.0
530330250081,19,1.0,-0.017302447294707556,133.0
530330250082,15,1.0,0.8599054563782395,133.0
530330251011,23,1.2608695652173914,4.729070405113543,72.17146924418496
530330251012,23,1.2608695652173914,5.17625145201756,79.21494750505452
530330251013,21,1.2857142857142858,5.722285913799113,90.56875202934543
530330251014,12,1.0833333333333333,5.003229101500489,98.14798206278027
530330251031,33,1.2121212121212122,-1.064376293902632,85.5880037587221
530330251032,29,1.0344827586206897,-4.62955336654722,100.79473255498235
530330251033,40,1.225,-0.37903878974100724,90.58463470608118
530330251041,2,1.0,0.01253174891146423,122.0
530330251042,18,1.0,-8.544485780423278,137.0
530330251043,22,1.0,-6.974844426406924,137.0
530330252011,32,1.125,3.6764565375446097,119.46408894136165
530330252012,43,1.0232558139534884,3.791073275359002,107.11184939091916
530330252013,37,1.1891891891891893,4.445075240342835,118.65261207215792
530330252021,54,1.2407407407407407,5.826489201758594,100.09426739418699
530330252022,57,1.2280701754385965,6.8493172510762514,110.08930595238768
530330252023,43,1.255813953488372,6.680121149825844,115.8630040716437
530330253021,81,1.8888888888888888,9.571427791703611,86.18226674318734
530330253022,69,2.0,9.179710493200524,90.33285340415505
530330253023,84,1.7619047619047619,7.55716729422635,102.26295305632948
530330253024,64,1.5625,6.173562383704904,101.70406048831697
530330253031,51,1.7843137254901962,7.290909189843202,80.56988977506424
530330253032,35,1.2857142857142858,5.298385084299072,82.14036569514647
530330253041,15,1.0666666666666667,4.07010708399595,115.32063492063493
530330253042,9,1.0,4.910515873015874,118.55555555555556
530330254011,44,1.3636363636363635,8.344219188525235,101.06436132401404
530330254012,38,1.2894736842105263,8.094399308637513,113.08182039685998
530330254013,40,1.3,8.190139428722894,109.63640706296738
530330254021,42,1.2857142857142858,8.213906496192513,98.20402513391751
530330254022,18,1.1111111111111112,5.92407720072847,74.28636256860358
530330254023,37,1.1891891891891893,7.482629029426678,98.46342288296871
530330255001,33,1.1515151515151516,7.193223182651494,89.87454944352841
530330255002,61,1.278688524590164,6.99982710482413,92.8832646287067
530330255003,54,1.3148148148148149,7.702492119519636,88.27553967316865
530330256011,33,1.1515151515151516,1.5411057911791552,93.92000398898297
530330256012,33,1.121212121212121,7.114075221647512,74.38753645651543
530330256013,35,1.4,5.912901178085183,74.78514864204054
530330256021,38,1.0789473684210527,-1.9172674292573202,111.10436263431403
530330256022,40,1.025,-0.5336752991448085,108.6392857142857
530330256023,36,1.0,-4.223458167989417,137.0
530330256024,42,1.0,-3.8369919217687065,133.14285714285714
530330257021,29,1.0344827586206897,4.210143286434486,78.95073891625616
530330257022,34,1.2352941176470589,8.508368296572511,81.73063685394602
530330257023,35,1.542857142857143,11.08278534502994,68.47620608899295
530330257031,46,2.152173913043478,12.520287721588534,82.67828804115774
530330257032,33,1.9696969696969697,12.671625079284524,78.64711697738166
530330257041,54,1.7037037037037037,9.308802071306834,73.92049142838111
530330257042,64,1.96875,11.117640339530515,77.16774516860747
530330258031,37,1.5135135135135136,12.932025886517858,79.63707438668865
530330258032,35,1.6,11.195172556010114,79.89039812646367
530330258033,33,1.4545454545454546,13.261686995742727,82.22964574801604
530330258041,45,1.5333333333333334,12.77450916543562,74.52804258315348
530330258042,45,1.5333333333333334,12.3876836798739,76.30582036093126
530330258043,44,1.3181818181818181,14.167939265191315,86.29121306109151
530330258051,36,1.75,13.499400783341052,77.34274367772271
530330258052,54,1.5185185185185186,11.110752156645383,93.92546771995013
530330258053,30,1.5333333333333334,11.171485925785378,89.36305501066428
530330258061,62,1.2903225806451613,8.78268640880061,94.22064293696076
530330258062,31,1.2580645161290323,8.144771184517554,112.91916184174251
530330258063,51,1.8431372549019607,11.29024272169075,84.50454007819451
530330260011,40,1.05,5.897533043210827,123.65540158371041
530330260012,27,1.0740740740740742,5.862494478394297,133.1931875314228
530330260013,55,1.0363636363636364,6.339431726655945,129.3312011517894
530330260014,61,1.1311475409836065,6.567805923842355,124.62739920999927
530330260031,44,1.8409090909090908,8.934210805284415,100.11688958097629
530330260032,40,1.925,8.973607592143441,93.37857853907393
530330260033,37,1.3783783783783783,8.68777768948763,93.40228854781736
530330260041,64,1.671875,8.15311754674551,104.6719675434639
530330260042,45,1.5333333333333334,6.096926481590386,117.44289158258302
530330260043,22,1.0,4.8465266607100155,135.54545454545453
530330261011,53,1.169811320754717,9.85188405939494,108.34204160619257
530330261012,31,1.096774193548387,9.144651462086722,127.17617866004962
530330261013,56,1.2321428571428572,7.388613790750552,113.23155714098081
530330261021,56,1.0714285714285714,7.498186899928436,123.7401220103426
530330261022,42,1.1428571428571428,8.175527805229748,122.25422861452275
530330261023,46,1.173913043478261,7.476204721036397,116.67192110958098
530330262001,189,1.380952380952381,7.3057230913635065,91.24070459821006
530330262002,36,1.1666666666666667,10.136606682139606,111.9690364730397
530330262003,45,1.2222222222222223,7.068302194199766,102.67644136151758
530330262004,41,1.3658536585365855,7.515610107067749,99.49737896557248
530330263001,96,1.125,8.744500235755515,124.94806321471465
530330263002,25,1.12,12.528919574662657,112.5374358974359
530330264001,75,1.2533333333333334,8.989980736158623,120.35628916060043
530330264002,51,1.2549019607843137,9.685178829482771,135.871116559634
530330264003,44,1.1818181818181819,9.293250098153392,133.849926122415
530330264004,47,1.0851063829787233,8.805157538634942,136.62037106390702
530330265001,56,1.2321428571428572,7.1341614028554705,125.6184286160816
530330265002,62,1.3548387096774193,6.9155103056084455,115.07014570619377
530330265003,35,1.1142857142857143,7.45426192227486,142.26712384524626
530330266001,49,1.489795918367347,7.0941640972632785,105.26748826889256
530330266002,64,1.28125,6.176098495261102,100.94761291626142
530330267001,24,1.125,5.364891092958668,91.5827786026561
530330267002,19,1.0,4.910917034433912,84.0
530330267003,14,1.0,4.9039323609878736,84.0
530330267004,20,1.05,1.1730419027249037,104.55044543429844
530330268011,58,1.2241379310344827,7.02361531292791,126.26951728449258
530330268012,36,1.1666666666666667,7.540471454728045,138.88955560765078
530330268013,54,1.2592592592592593,6.918067516754804,117.19688893519576
530330268014,47,1.2765957446808511,6.639135586123496,117.84323409575683
530330268021,48,1.1666666666666667,6.721488922728426,119.93122227431745
530330268022,30,1.0666666666666667,6.10506322525435,108.12248890972698
530330268023,34,1.1176470588235294,7.195297920046937,134.51027454657702
530330268024,44,1.0909090909090908,6.497198885260621,115.87157578599134
530330270001,41,1.170731707317073,9.609197784227538,146.16511225297117
530330270002,48,1.125,8.798075756900076,139.8512284182072
530330270003,38,1.105263157894737,7.389696401390357,138.6670877522005
530330271001,46,1.2608695652173914,9.197325471805197,135.72861535311873
530330271002,50,1.26,9.424171607302581,137.72853889082668
530330271003,51,1.2549019607843137,9.648744156930825,141.0868028341438
530330272001,55,1.2363636363636363,10.414292916796807,135.93414599357266
530330272002,49,1.163265306122449,10.033379090989351,121.35529721253056
530330273001,45,1.2,9.004504623318716,144.0761781300124
530330273002,38,1.263157894736842,7.920840439021423,128.6658171640528
530330273003,70,1.1714285714285715,8.871194850930015,125.07321688223497
530330273004,60,1.2166666666666666,9.4750296728985,139.1904490756889
530330274001,51,1.1372549019607843,8.42816815728336,129.50528632101603
530330274002,51,1.1176470588235294,8.65148061022643,118.17349800814203
530330274003,51,1.4509803921568627,8.96304743179539,100.61492968898936
530330274004,26,1.0,6.598115687975309,124.96153846153847
530330275001,30,1.0,5.095998822131975,94.0
530330275002,60,1.4166666666666667,7.475541685882249,96.32328689640339
530330275003,49,1.469387755102041,6.84998428001548,82.42424744390999
530330276001,19,1.0,4.3788008325579835,77.36842105263158
530330276002,16,1.0,4.900722777562112,84.0
530330276003,25,1.2,5.603390154980611,56.55597306192719
530330277011,10,1.9,58.13647607906798,21.982323232323232
530330277012,17,1.8823529411764706,49.515420111895025,24.372452902729723
530330277013,11,1.9090909090909092,51.91464468018612,24.33621509209745
530330277014,11,2.0,47.063324854735285,24.208764111705293
530330277021,3,1.0,31.883333333333336,25.0
530330277022,10,1.4,35.762157563025205,24.502973856209152
530330277023,4,1.0,15.25561274509804,24.0
530330278001,7,1.0,4.571611721611721,21.0
530330278002,9,1.0,14.144658119658121,21.0
530330279011,42,1.5476190476190477,7.352998595594112,81.76150090784165
530330279012,19,1.0,8.899683866857782,27.63157894736842
530330279013,39,1.5384615384615385,8.558026293324154,57.24035766914709
530330279021,59,1.4406779661016949,7.545589429317052,78.75680765515298
530330279022,48,1.5416666666666667,8.445149889758932,87.03440940945887
530330279023,47,1.574468085106383,7.708730695489475,92.25545325142161
530330280001,52,1.5576923076923077,9.557243065602302,109.22337292018132
530330280002,41,1.6829268292682926,9.696173947773799,100.42099367528388
530330280003,47,1.5957446808510638,8.600018429469019,101.98427107843911
530330281001,36,1.3333333333333333,7.71385777778605,116.91417059073946
530330281002,45,1.2666666666666666,8.073901775294459,110.68689202814713
530330282001,76,1.236842105263158,6.727253141145863,109.7529338232356
530330282002,63,1.1587301587301588,6.447554755251402,106.52858813069852
530330282003,34,1.2941176470588236,7.570819948580987,110.47944271276492
530330283001,59,1.1355932203389831,4.719823341640552,91.24197315038309
530330283002,54,1.0925925925925926,11.88940022559787,90.19481511138942
530330283003,65,1.0461538461538462,23.202341688374215,76.35499308437068
530330284021,42,1.2380952380952381,5.331265742365478,76.57664868829747
530330284022,44,1.2272727272727273,4.686041460942432,76.54607629184011
530330284023,35,1.2,4.046204207557712,79.49672907028736
530330284024,79,1.2911392405063291,5.013208157145406,97.2241807090076
530330284031,36,1.25,5.615353945310823,71.47727858577679
530330284032,27,1.3333333333333333,4.90529484089441,72.19192700325794
530330284033,24,1.0,4.5191467943398145,84.29166666666667
530330284034,30,1.2666666666666666,5.483556682866126,79.50991379011163
530330285001,36,1.5,5.8629562739411085,123.68793822654794
530330285002,38,1.0,0.40436331445484724,142.39473684210526
530330285003,23,1.0,0.6646145113725457,167.82608695652175
530330286001,41,1.2682926829268293,4.682118147894925,147.25122087719524
530330286002,19,1.0,0.005515498147077666,184.0
530330286003,17,1.0,0.004714022361081351,184.0
530330286004,25,1.0,0.004340496540496493,184.0
530330286005,39,1.5128205128205128,6.7249395559228216,117.49922658704331
530330287001,56,1.1428571428571428,3.0619596949209344,123.2721611942062
530330287002,55,1.2363636363636363,3.990707632955396,126.66505453782295
530330287003,49,1.0,0.31419758984976304,136.55102040816325
530330288011,71,1.2253521126760563,4.503524509129787,92.21988026409966
530330288012,61,1.2459016393442623,4.611128256229608,70.54337541225242
530330288021,24,1.25,5.866302196520299,54.51160708878391
530330288022,24,1.0833333333333333,21.928412433860476,51.11652131782946
530330288023,22,1.0909090909090908,3.943045850720583,49.55808834614805
530330288024,18,1.0555555555555556,4.040726622676727,42.15308641975309
530330289011,54,1.2962962962962963,5.538079843934763,94.08539812501992
530330289012,43,1.4651162790697674,7.651550806050423,119.58516728361671
530330289013,42,1.3095238095238095,5.224313310062193,137.70423808524433
530330289021,22,1.1363636363636365,3.7979705290928134,58.31970450776421
530330289022,33,1.4242424242424243,7.243071624628011,95.27328730996706
530330289023,34,1.1470588235294117,6.771261941945975,92.2617245079538
530330289024,30,1.1333333333333333,5.098273519232929,72.89479479994662
530330289025,45,1.2666666666666666,7.73678721807448,95.94099183202759
530330290011,27,1.4074074074074074,5.901255649992279,135.9613230631376
530330290012,18,1.3333333333333333,5.338330169117854,149.86770833333333
530330290013,24,1.5,6.879734639240009,141.54376744727048
530330290031,39,1.2307692307692308,7.038566536350632,100.28819076038901
530330290032,31,1.2580645161290323,7.284656230902922,103.4915948275862
530330290033,15,1.4,7.762191143129679,88.04125
530330290034,21,1.2857142857142858,6.004145267878623,102.8389880952381
530330290041,48,1.1875,6.912853507816284,101.75498832614942
530330290042,15,1.0,5.53336921884795,68.06666666666666
530330291011,52,1.2115384615384615,8.641829339730034,114.58429618306883
530330291012,7,1.0,10.277341105863835,101.14285714285714
530330291021,29,1.1379310344827587,9.160170493046278,103.43694955561377
530330291022,19,1.105263157894737,6.170887488390457,84.2337198929527
530330291023,18,1.2777777777777777,12.92382894511631,94.43785310734462
530330292031,55,1.8545454545454545,9.402399652198214,99.82819212548554
530330292032,79,1.6835443037974684,7.569698770773719,110.04923371016561
530330292033,65,1.8153846153846154,8.862082687747376,106.8380523416205
530330292051,42,1.4761904761904763,9.016535979489419,118.45846100537472
530330292052,40,1.575,9.868373605551088,124.1261335029537
530330292053,32,1.46875,9.037092479431395,125.32957397701516
530330292061,168,1.375,14.754138048037213,95.02495189872245
530330292062,41,1.6829268292682926,8.900498440184382,108.26471123290565
530330292063,53,1.5471698113207548,8.581179904441914,117.2309998312756
530330292071,18,1.3333333333333333,9.193339461485515,87.6574863446029
530330292072,36,1.25,6.292335056673462,138.8011516828566
530330292081,41,1.951219512195122,8.479403778921471,109.53774902871058
530330292082,64,1.78125,8.404275197045095,110.41200781137309
530330293041,17,1.5294117647058822,10.93851355446079,74.7166827386692
530330293042,20,1.4,19.622153359029717,92.66616053767999
530330293043,45,1.4222222222222223,14.460679204278678,82.62230085827672
530330293044,6,1.3333333333333333,15.39937941616685,97.73354341736695
530330293051,18,1.1111111111111112,3.589076876423516,64.58953248523801
530330293052,14,1.0,7.515836528948776,131.0
530330293053,15,1.0,7.533959827653981,131.0
530330293061,13,1.0,7.543144821198514,131.0
530330293063,14,1.0,7.515836528948776,131.0
530330293081,25,1.36,8.7460258992597,98.60819060296109
530330293082,20,1.1,6.739026082367667,112.47536502849002
530330293083,20,1.2,7.778096437394976,116.00073005698007
530330293091,33,1.2424242424242424,8.037996106750644,116.9846671846672
530330293092,30,1.2333333333333334,8.16046366434688,118.00313390313391
530330293093,31,1.2258064516129032,6.4596953217443245,88.68390329801619
530330294031,14,1.0,7.4877585427993605,131.0
530330294032,14,1.0,7.473126336248785,131.0
530330294033,12,1.0,7.490289728504014,131.0
530330294034,13,1.0,7.473609454038026,131.0
530330294061,11,1.0909090909090908,0.8667136281109585,181.8900826446281
530330294062,19,1.263157894736842,4.113031898558009,177.89234449760767
530330294063,6,1.0,-0.005455465151321189,184.0
530330294071,26,1.1538461538461537,7.434566901184031,145.58321678321678
530330294072,37,1.1081081081081081,6.798138666183814,137.84226044226043
530330294073,36,1.1388888888888888,6.961956638574382,138.8598484848485
530330294081,24,1.2083333333333333,7.608394875712803,146.03977272727272
530330294082,17,1.2941176470588236,7.066186171013982,155.05614973262033
530330294083,31,1.1612903225806452,7.085826838387832,143.86950146627564
530330295041,49,1.2448979591836735,7.58456822437115,124.6229809667562
530330295042,53,1.3018867924528301,8.693213301753351,105.70477784377107
530330295043,50,1.34,9.337138709977898,111.15671551036381
530330295051,52,1.4423076923076923,6.8797618119368265,126.23465203952414
530330295052,61,1.3442622950819672,7.725275869487162,108.3475406505027
530330295053,48,1.4375,7.270032459365685,112.92958516402992
530330295061,47,1.446808510638298,8.594507037712704,84.31357260511182
530330295062,21,1.380952380952381,9.701443507759295,77.73807930251748
530330295063,38,1.3157894736842106,9.359105543649962,83.57582184378015
530330295071,16,1.625,9.690465878753209,76.24366959173051
530330295072,39,1.2307692307692308,5.933595068992266,146.3280276840402
530330295081,32,1.21875,4.645521242275686,151.25533823444903
530330295082,21,1.4285714285714286,6.833130669336392,124.02254021479872
530330295083,28,1.2142857142857142,4.762780825805462,159.20519480519482
530330296021,18,1.0,3.4323067942257226,148.77777777777777
530330296022,19,1.0,1.291752039862727,184.0
530330296023,12,1.0,2.0890024486111263,184.0
530330296024,31,1.2258064516129032,5.391551446370011,152.42616972566933
530330296031,32,1.375,9.996691897127599,81.93378843948892
530330296032,23,1.565217391304348,7.581609736907536,103.70135195286271
530330296033,18,1.4444444444444444,10.883156668387407,75.30553696404816
530330296041,28,1.25,5.512817488544253,145.07897362484817
530330296042,20,1.35,5.56183222575792,125.11742024243327
530330296043,14,1.2857142857142858,3.947916739575054,146.34272115926018
530330297011,68,1.6176470588235294,7.7297404050035174,111.79947533000978
530330297012,76,1.7105263157894737,8.562089629979159,109.74374012714418
530330297013,80,1.575,8.55849990991025,102.79435130209265
530330297021,50,1.4,8.618804669615093,92.81173303872103
530330297022,47,1.148936170212766,6.0388306929649165,110.80434554141198
530330298031,38,1.605263157894737,9.01595702189684,103.97487737153023
530330298032,46,1.5869565217391304,9.068594363676208,111.31227183849846
530330298033,13,1.3846153846153846,11.999437233192875,94.55932203389828
530330298041,32,1.0,2.2700442361885034,87.125
530330298042,3,1.0,6.510215419501134,97.0
530330298043,22,1.0,2.5345474644403208,91.0
530330298051,42,1.0,1.360340459993521,97.0
530330298052,28,1.0,-0.04411321671525762,97.0
530330298053,26,1.0,-0.04841496598639471,97.0
530330298054,8,1.0,0.010479591836734631,97.0
530330298061,38,1.0,1.5038574337629786,93.52631578947368
530330298062,37,1.0,0.14802659036587587,95.21621621621621
530330298063,14,1.0,0.009461613216715027,97.0
530330299011,24,1.0,0.41049318005371765,96.91666666666667
530330299012,55,1.3818181818181818,8.50351590765014,80.67318666090034
530330299013,31,1.0,-0.03822470923853436,97.0
530330299021,8,1.0,0.010479591836734631,97.0
530330299022,2,1.0,5.600523602821487,96.0
530330300031,18,1.0,3.463304399196159,68.88888888888889
530330300032,14,1.0,3.3316886172570936,57.57142857142857
530330300033,38,1.0,2.316992685577914,77.78947368421052
530330300034,5,1.0,3.885384597525016,51.0
530330300051,32,1.0,3.0056043792517,97.0
530330300052,43,1.0232558139534884,4.348458938018588,72.77602581273591
530330300053,17,1.0,3.6106191978497875,83.47058823529412
530330300061,50,1.44,9.847575408708934,62.96836386130499
530330300062,57,1.543859649122807,11.979885861229707,59.523339116561736
530330300063,56,1.4821428571428572,10.205802830805586,69.44606705234598
530330300071,31,1.0,2.9632863023057947,79.38709677419355
530330300072,24,1.0,3.9525099361132394,79.75
530330300081,36,1.0,2.3388757517464698,84.38888888888889
530330300082,36,1.0,2.4471925716484924,83.11111111111111
530330300083,26,1.0,3.6495784125674424,81.07692307692308
530330301011,13,1.3846153846153846,7.492564522669894,60.123784261715294
530330301012,18,1.2777777777777777,6.583218494359725,62.31162196679438
530330301013,16,1.25,4.5301202224742525,47.67816091954022
530330301021,12,1.0,1.9495530270445418,43.5
530330301022,18,1.0,0.007656163626312958,36.0
530330301023,20,1.0,1.5148102066459506,39.0
530330302011,36,1.4166666666666667,6.911626114092085,57.68710089399745
530330302012,32,1.4375,6.99477627060798,56.43678160919541
530330302013,19,1.0,1.5504975124378106,36.0
530330302014,34,1.3823529411764706,6.658481838890576,66.21501014198782
530330302031,52,1.4615384615384615,9.841999126837294,54.78777655990602
530330302032,45,1.3777777777777778,7.80599250025831,56.194920195515955
530330302033,29,1.4137931034482758,6.480188707643529,55.3293697978597
530330302041,27,1.2962962962962963,4.823040930552668,49.840783312047684
530330302042,31,1.032258064516129,3.215728969218916,40.75384225637562
530330302043,43,1.3488372093023255,7.9809963704559035,52.33902271959808
530330303041,14,1.0,12.638138056726095,59.0
530330303042,19,1.0,7.776309724717008,57.421052631578945
530330303043,28,1.0,10.66649146653611,56.214285714285715
530330303051,5,1.0,12.63247635933806,56.0
530330303052,29,1.1724137931034482,4.816504518423175,65.43479984145858
530330303053,17,1.0,6.19776891252955,56.0
530330303061,38,1.105263157894737,7.803497474180172,56.24148944553898
530330303062,9,1.0,13.842481851613055,56.666666666666664
530330303063,22,1.0,7.660139291854718,56.0
530330303064,35,1.1142857142857143,7.376136966975776,55.49075996944233
530330303081,38,1.1842105263157894,3.8882786552434787,72.52722323049002
530330303082,36,1.25,5.310274068117906,68.84610472541505
530330303083,38,1.3157894736842106,5.549102498686356,69.8829401088929
530330303084,29,1.0,1.9502240218832636,71.0
530330303091,24,1.5,9.706308290591364,64.3146551724138
530330303092,35,1.0,11.589318340099899,55.57142857142857
530330303093,43,1.1395348837209303,9.59471899844349,58.68083400160385
530330303094,25,1.24,8.570307274636487,61.85103448275862
530330303101,31,1.0,7.527188447530359,64.03225806451613
530330303102,28,1.0,5.329146630119074,57.107142857142854
530330303103,49,1.0,5.3975604681150235,65.06122448979592
530330303104,26,1.0,5.991759121700984,55.30769230769231
530330303111,41,1.0975609756097562,4.839426373491529,63.07747802269466
530330303112,46,1.0869565217391304,4.415889213211709,66.87480656463212
530330303113,39,1.1282051282051282,4.322640924874635,67.60536398467434
530330303114,45,1.0666666666666667,3.8546572388627447,68.47075351213283
530330303121,22,1.0,10.496999602583607,64.63636363636364
530330303122,36,1.0833333333333333,5.4150627947141645,68.2078467023173
530330303123,51,1.0784313725490196,7.500168197003293,62.74856076334277
530330303124,44,1.0909090909090908,6.491330310539413,63.27674088478366
530330303131,53,1.5660377358490567,13.319216513430131,60.04643810747877
530330303132,24,1.4583333333333333,17.388863334982762,60.40506888100066
530330303133,50,1.08,11.247606583740373,56.13605882352941
530330303141,66,1.3484848484848484,12.182844959157649,58.47903757118599
530330303142,43,1.4186046511627908,12.912448586047883,65.20473882415835
530330303143,35,1.457142857142857,11.038226656596757,63.72577996715928
530330304043,11,1.0,0.015327695560253788,40.0
530330304051,17,1.0,2.344445530150045,40.0
530330304053,7,1.0,4.454250326813712,48.0
530330304071,27,1.8148148148148149,16.69434228242524,65.47347729774718
530330304072,3,1.0,3.7894097787423866,96.0
530330305011,61,1.2459016393442623,10.269356790871942,97.95993324426577
530330305012,35,1.2857142857142858,10.981157862777593,98.65152599756
530330305031,12,1.0,11.721690294882718,131.0
530330305032,15,1.0,7.587667044095048,131.0
530330305033,12,1.0,7.595443265606465,131.0
530330305041,27,1.0,6.055765439764951,111.55555555555556
530330305042,25,1.0,3.739390644610925,105.8
530330305043,18,1.0,8.01957146991269,117.38888888888889
530330305044,21,1.0,4.8179755357649885,109.33333333333333
530330306001,21,1.0,3.599258128208539,102.66666666666667
530330306002,36,1.1111111111111112,6.45126938150872,99.4520530291329
530330306003,47,1.2553191489361701,8.656300016431524,84.68680146611503
530330306004,45,1.2222222222222223,8.455818338714623,95.79563133143554
530330307001,48,1.2291666666666667,8.969731353620405,76.32249310223763
530330307002,46,1.2608695652173914,10.123241649210662,72.48434062842188
530330307003,29,1.103448275862069,10.939132488513382,51.039741999503846
530330308011,82,1.1829268292682926,7.969137227676561,55.73848692561233
530330308012,27,1.0,10.480733752620544,36.0
530330308013,23,1.0,10.446545958826517,36.0
530330308014,37,1.054054054054054,10.385581776754426,44.256115107913665
530330308021,18,1.0,10.672157498918507,36.0
530330308022,38,1.0,10.321676682477312,45.26315789473684
530330309011,27,1.1111111111111112,3.77624433524486,46.38060218491873
530330309012,21,1.0,-0.0004891103728310338,40.0
530330309013,35,1.1428571428571428,3.686438551814735,47.13578622816033
530330309021,8,1.0,-0.026235465116278552,40.0
530330309022,14,1.0,2.633388443135044,38.857142857142854
530330309023,23,1.0,2.0682767601447622,39.130434782608695
530330309024,16,1.0,-0.03978924418604621,40.0
530330310002,20,1.0,9.313946739380263,36.4
530330310003,37,1.0,7.289388752900648,62.16216216216216
530330311011,31,1.0,8.140175583593827,69.93548387096774
530330311012,12,1.0,9.091317083882302,80.0
530330311013,13,1.0,5.619415323806627,80.0
530330311021,10,1.0,10.904673254281951,80.0
530330311022,26,1.0,12.160359916949334,52.92307692307692
530330311023,14,1.0,5.275552324487106,80.0
530330312021,12,1.0,0.0017415458937201829,80.0
530330312022,10,1.0,0.06833623188405821,80.0
530330312025,15,1.0,-0.023503381642511718,80.0
530330312041,3,1.6666666666666667,10.05136417613322,153.30767403183654
530330312043,3,1.0,0.06641545893719826,80.0
530330312061,35,1.1428571428571428,3.9905653089547686,119.58374910905202
530330312062,25,1.2,5.118900674075723,121.97724875267284
530330312063,21,1.2380952380952381,4.50471167476867,135.3062485150867
530330312071,12,1.0833333333333333,5.1114374092271975,180.15300546448088
530330312072,24,1.2083333333333333,4.464058572738562,145.05963411736755
530330312073,14,1.2142857142857142,4.78940098673138,174.1256491192343
530330312081,25,1.12,3.8768233907743563,101.02032786885248
530330312082,21,1.1904761904761905,4.37120692945562,103.9807215830024
530330312083,27,1.1851851851851851,4.801622329252108,133.09004514136373
530330313011,16,1.0,-0.03563219605475097,80.0
530330313012,10,1.0,3.678410144927537,80.0
530330313021,16,1.0,-0.06216004300588827,80.0
530330313022,13,1.0,2.8377055971816834,80.0
530330313023,21,1.0,1.7158163703740303,80.0
530330313024,26,1.0,1.3900478933511535,80.0
530330314001,21,1.0,1.715006558238311,80.0
530330314002,12,1.0,3.0968316523556396,80.0
530330314003,21,1.0,1.7508637073579867,80.0
530330314004,24,1.0,1.468787649682992,80.0
530330315022,3,1.0,-0.32793236714975854,80.0
530330315023,6,1.0,6.190610164614662,80.0
530330316013,4,1.0,10.726669000933708,80.0
530330316031,13,1.0769230769230769,3.226667696576231,65.06882591093117
530330316032,5,1.0,3.891857843137255,56.0
530330316033,3,1.0,8.835318627450981,56.0
530330316034,12,1.0833333333333333,4.379306671290917,65.82456140350877
530330316041,5,1.0,10.78057142857143,80.0
530330316042,15,1.0666666666666667,5.659572321159719,68.65964912280701
530330316043,8,1.0,5.192738095238093,68.0
530330316044,3,1.0,-0.5884722222222288,56.0
530330316053,7,1.0,1.5998389355742269,56.0
530330317041,12,1.0,10.723190164954872,80.0
530330317042,10,1.0,10.721819794584501,80.0
530330317043,16,1.1875,8.175409224734352,136.27582282913164
530330317044,24,1.2083333333333333,7.285431817787429,134.700508890872
530330317052,8,1.0,10.776678060663208,80.0
530330317053,3,1.0,10.776707527895645,80.0
530330317072,15,1.1333333333333333,4.304606297694547,173.50545454545454
530330317073,20,1.1,3.85329687871685,170.5790909090909
530330317081,35,1.2,7.727990150098894,130.6398294732213
530330317082,10,1.0,10.722629318394024,80.0
530330317083,35,1.2,7.861539689424936,134.22155379931536
530330317091,9,1.0,10.74219330709915,80.0
530330317092,7,1.0,10.729355742296919,80.0
530330317093,16,1.0,10.738186078061586,80.0
530330317101,18,1.0,10.748467560108017,80.0
530330317102,18,1.0,10.748467560108017,80.0
530330318001,10,1.1,0.9526953357496406,181.67909090909092
530330318002,24,1.4166666666666667,20.214169312169318,102.10648148148148
530330319041,6,1.0,3.2303472222222234,56.0
530330319042,18,1.0,6.493280423280423,128.0
530330319061,15,1.3333333333333333,18.804732051282045,90.85185185185186
530330319062,2,1.0,3.6627083333333377,56.0
530330319081,58,1.3275862068965518,17.60428531478028,104.03696849089
530330319082,48,1.3125,15.817101128659518,105.08170729686246
530330319083,50,1.26,12.319957572890146,99.44201977062754
530330319091,50,1.36,16.274577626253976,103.6575753261831
530330319092,24,1.4583333333333333,19.46461344093917,92.08291155917777
530330319101,67,1.2537313432835822,13.747007003971023,99.31211131840797
530330319102,33,1.1818181818181819,8.988539821289818,109.91919191919193
530330319103,39,1.0769230769230769,5.576456937541844,107.81237281237281
530330319111,37,1.3513513513513513,18.99936745536745,109.76276276276278
530330319112,18,1.4444444444444444,22.666977326685657,102.46913580246913
530330319113,28,1.3928571428571428,20.016210480987272,103.86111111111111
530330319121,33,1.0,3.8976731601731602,137.0
530330319122,52,1.0,2.5087396978021976,137.0
530330319123,41,1.0,2.90529181184669,135.02439024390245
530330319131,33,1.0,0.34568181818181815,129.63636363636363
530330319132,38,1.0,0.08047149122807007,132.73684210526315
530330319133,47,1.0,-2.0511081560283695,124.42553191489361
530330320021,18,1.0,0.9603472222222214,56.0
530330320022,3,1.0,0.09736111111111061,56.0
530330320031,14,1.0,0.08377976190476012,56.0
530330320051,21,1.0,10.778507741930655,80.0
530330320052,18,1.0,10.778682312675711,80.0
530330320053,16,1.0,10.780357142857143,80.0
530330320054,13,1.0,10.779978239582201,80.0
530330320055,23,1.0,10.765204710094684,80.0
530330320061,16,1.0,10.780476190476191,80.0
530330320062,21,1.0,10.780408163265307,80.0
530330320063,26,1.0,10.766985119003172,80.0
530330320071,4,1.0,0.4978124999999991,56.0
530330320072,14,1.0,10.780476190476191,80.0
530330320073,6,1.0,0.12701388888888795,56.0
530330320081,5,1.0,10.78057142857143,80.0
530330320082,7,1.0,10.780544217687076,80.0
530330320083,7,1.0,10.780544217687076,80.0
530330320101,10,1.0,0.1505833333333321,56.0
530330320102,10,1.0,0.1505833333333321,56.0
530330320103,8,1.0,0.9153645833333313,56.0
530330320104,15,1.0666666666666667,4.100389781477178,63.859649122807014
530330320111,12,1.0833333333333333,7.221583457005206,71.82456140350877
530330320112,17,1.0,3.80799369747899,64.47058823529412
530330320113,17,1.0588235294117647,5.523397146121322,67.17027863777089
530330321022,2,1.0,-0.4969017094017034,67.0
530330321023,23,1.3043478260869565,25.025510740784725,76.13508539725132
530330321031,52,1.3653846153846154,18.6778996405227,103.82197802197803
530330321032,31,1.4516129032258065,22.621269544410993,91.3277068447977
530330321033,29,1.5862068965517242,27.090573046798774,97.44704433497537
530330321034,36,1.5277777777777777,26.057937167176874,97.74285714285713
530330321041,18,1.2777777777777777,28.371409079957928,84.7218253968254
530330321042,24,1.4166666666666667,25.46355311638837,88.81249999999999
530330321043,20,1.5,30.539431474708778,93.175
530330322071,11,1.0909090909090908,7.660918069584738,101.29545454545455
530330322072,14,1.1428571428571428,10.457598324514992,101.11838624338624
530330322111,15,1.2,8.634670335962124,100.46451681566624
530330322112,11,1.2727272727272727,8.781939347019058,99.90615929409033
530330322113,8,1.25,5.608504950916634,100.08971902937421
530330322161,8,1.25,8.888386485042734,100.08971902937421
530330322162,20,1.2,10.898991156220324,100.61875798212006
530330322163,17,1.2352941176470589,12.026040691192868,100.20208849823454
530330322181,7,1.1428571428571428,7.3747323633156965,100.89285714285714
530330322182,18,1.1666666666666667,7.371197032518087,100.72043067972186
530330322183,22,1.1818181818181819,9.053007552297409,100.46718623011726
530330322191,28,1.3214285714285714,11.855796587906188,101.15791747733576
530330322192,49,1.4081632653061225,14.31411400451407,107.69432019113064
530330322193,22,1.1363636363636365,7.897530339628164,102.99300268696821
530330322201,45,1.4222222222222223,19.592689641928658,90.19428753814371
530330322202,12,1.25,13.850961461198027,63.25033524669251
530330322203,12,1.3333333333333333,11.475393797380363,79.85953064899135
530330322204,4,1.5,13.309869123931621,67.4893509127789
530330322214,2,1.0,37.52884615384615,67.0
530330322215,1,1.0,5.824358974358972,67.0
530330322231,16,1.25,9.946216284219002,92.41719724288183
530330322232,10,1.3,8.645831738511086,99.40280970625798
530330322233,4,1.5,11.312489068499938,98.1794380587484
530330322241,17,1.1764705882352942,10.826297916317525,100.64516189617609
530330322242,14,1.1428571428571428,9.468503510378513,100.9084108739281
530330322252,19,1.2105263157894737,10.76659781141818,100.39134234052565
530330323111,2,1.0,100.04201388888889,38.0
530330323114,2,1.0,100.04201388888889,38.0
530330323131,14,1.0,19.362093857832992,93.14285714285714
530330323132,37,1.3783783783783783,15.43155239629941,89.38083383288337
530330323133,64,1.5625,11.356833072356585,91.80687286266608
530330323134,12,1.0,22.595507648953305,91.66666666666667
530330323151,8,1.0,-0.18062499999999893,38.0
530330323152,2,1.0,-0.8601851851851863,44.0
530330323161,11,1.0,16.000379556433902,90.72727272727273
530330323162,10,1.0,6.6318658212560395,102.0
530330323164,6,1.0,6.057506441223833,102.0
530330323171,12,1.1666666666666667,6.090112115831925,100.72647935291614
530330323172,13,1.2307692307692308,8.49458305303846,100.00216131250615
530330323173,14,1.1428571428571428,9.670436773371557,100.90841087392812
530330323174,12,1.1666666666666667,11.271680865229781,100.72647935291614
530330323175,16,1.25,8.99076766755956,100.08971902937421
530330323181,18,1.1111111111111112,5.973074475503623,101.15098623527743
530330323182,10,1.2,7.03840796895,100.47177522349936
530330323183,14,1.2857142857142858,10.36508169943315,99.81682174785624
530330323184,14,1.2857142857142858,10.36508169943315,99.81682174785624
530330323191,15,1.6666666666666667,11.392088799538802,71.68052140706469
530330323192,24,1.5,11.631217848461155,69.56582687147895
530330323193,26,1.4615384615384615,11.167707141689998,69.36845557367288
530330323203,16,1.625,13.454371297130068,71.32548881912315
530330323211,7,1.0,1.9887806103559507,131.0
530330323212,16,1.0,6.489090724571604,82.25
530330323213,12,1.0,1.163462863548478,131.0
530330323214,12,1.0,2.8757873350453487,115.0
530330323221,1,1.0,9.482758620689655,99.0
530330323231,30,1.0,3.663766356029915,122.46666666666667
530330323232,28,1.0714285714285714,3.437765210702205,122.66641643968057
530330323233,21,1.0,1.996570347255277,131.0
530330323234,20,1.1,5.138588519337313,111.3329830155528
530330323241,39,1.7179487179487178,8.132816425137747,96.5467688551464
530330323242,41,1.8048780487804879,8.85632230122563,85.3808550052119
530330323243,46,1.565217391304348,8.63561573102022,90.29936085666876
530330323244,39,1.3846153846153846,6.626142590465185,98.04294776866851
530330323251,39,1.5897435897435896,8.068200501143027,101.93986825537243
530330323252,23,1.5217391304347827,7.787217506594984,98.3177415233044
530330323253,22,1.4545454545454546,8.022443533511495,103.36708684202968
530330323254,33,1.1818181818181819,5.262741052142519,116.57512063433843
530330323262,15,1.2666666666666666,7.597780972825787,99.88795470814081
530330323263,6,1.0,5.750148243664273,99.0
530330323271,4,1.0,-0.17652777777777673,38.0
530330323272,12,1.1666666666666667,21.149425495072723,67.72163835925467
530330323273,4,1.0,-0.17652777777777673,38.0
530330323281,2,1.0,0.3931111111111113,102.0
530330323282,10,1.0,20.061660185185183,63.6
530330323301,66,1.4545454545454546,8.639308818891278,77.3363492094792
530330323302,46,1.4782608695652173,7.81687934923652,89.6156540008157
530330323303,88,1.3409090909090908,7.4185258700768575,82.83180736165485
530330323311,56,1.5714285714285714,8.837477104727045,83.37467579654127
530330323312,60,1.65,8.274595541819306,89.55534298367
530330323313,51,1.588235294117647,8.984508062921927,80.74900093775737
530330323321,8,1.0,24.87506365740741,38.0
530330323322,6,1.0,15.529598765432098,38.0
530330323323,6,1.0,15.529598765432098,38.0
530330323331,12,1.0,-0.19820987654320965,38.0
530330323332,14,1.0,6.552328042328043,38.0
530330324011,9,1.2222222222222223,49.86835250654695,40.18912529550827
530330324012,6,1.3333333333333333,25.216301907968575,40.283687943262414
530330324013,7,1.2857142857142858,35.53302068302069,40.81458966565349
530330324014,4,1.0,-1.1365740740740762,44.0
530330324021,2,1.0,0.8490740740740724,44.0
530330324022,9,1.2222222222222223,27.82547699214366,41.522458628841605
530330324023,6,1.0,-1.8975308641975337,44.0
530330324024,10,1.0,9.92259259259259,44.0
530330325001,1,1.0,-4.9870370370370365,44.0
530330325002,2,1.0,-0.8601851851851863,44.0
530330325003,6,1.0,14.25864197530864,44.0
530330325004,8,1.0,9.711342592592592,44.0
530330326011,4,1.0,16.55639467592593,44.0
530330326012,13,1.0,18.34625178062678,44.0
530330326031,12,1.0,-1.5199699074074073,55.5
530330326032,19,1.0,12.442865253411307,50.05263157894737
530330326033,24,1.1666666666666667,18.25936638426551,57.782575757575756
530330326041,21,1.1904761904761905,26.91379923633871,59.75151515151515
530330326042,11,1.0,-0.6646538461538453,67.0
530330326043,8,1.0,0.01791346153846285,67.0
530330326051,7,1.0,0.16358730158730134,67.0
530330326052,7,1.0,0.16358730158730134,67.0
530330326053,5,1.0,-0.4907111111111108,67.0
530330327031,16,1.25,34.17676812405431,57.486363636363635
530330327032,25,1.24,34.65227181103497,56.48252813852814
530330327042,9,1.1111111111111112,35.964972810111696,60.843434343434346
530330327043,12,1.1666666666666667,35.31817405202822,61.606782106782106
530330327044,12,1.1666666666666667,35.31817405202822,61.606782106782106
530330327051,3,1.3333333333333333,39.05625,63.8968253968254
530330327052,3,1.3333333333333333,39.05625,63.8968253968254
530330327053,6,1.1666666666666667,15.549180911680912,53.9484126984127
530330328001,19,1.2105263157894737,35.36107715319972,55.35693779904306
530339901000,159,2.257861635220126,10.130688045272704,87.3723028696517
